crawl_date,Address,Content_Type,Status_Code,Status,Indexability,Indexability_Status,Title_1,Title_1_Length,Title_1_Pixel_Width,Meta_Description_1,Meta_Description_1_Length,Meta_Description_1_Pixel_Width,Meta_Keywords_1,Meta_Keywords_1_Length,H1_1,H1_1_Length,H2_1,H2_1_Length,H2_2,H2_2_Length,Meta_Robots_1,X_Robots_Tag_1,Meta_Refresh_1,Canonical_Link_Element_1,rel_next_1,rel_prev_1,HTTP_rel_next_1,HTTP_rel_prev_1,amphtml_Link_Element,Size_bytes,Transferred_bytes,Total_Transferred_bytes,CO2_mg,Carbon_Rating,Word_Count,Sentence_Count,Average_Words_Per_Sentence,Flesch_Reading_Ease_Score,Readability,Text_Ratio,Crawl_Depth,Folder_Depth,Link_Score,Inlinks,Unique_Inlinks,Unique_JS_Inlinks,of_Total,Outlinks,Unique_Outlinks,Unique_JS_Outlinks,External_Outlinks,Unique_External_Outlinks,Unique_External_JS_Outlinks,Closest_Near_Duplicate_Match,No_Near_Duplicates,Spelling_Errors,Grammar_Errors,Hash,Response_Time,Last_Modified,Redirect_URL,Redirect_Type,Cookies,Language,HTTP_Version,Mobile_Alternate_Link,Closest_Semantically_Similar_Address,Semantic_Similarity_Score,No_Semantically_Similar,Semantic_Relevance_Score,URL_Encoded_Address,Crawl_Timestamp
2026-04-12,http://spilou.com/,text/plain; charset=utf-8,301,Moved Permanently,Non-Indexable,Redirected,,0,0,,0,0,,0,,0,,0,,0,,,,,,,,,,34,34,34,0.013,,0,,,,,0.000,0,0,,70,1,0,2.270,0,0,0,0,0,0,,,,,,0.073,,https://spilou.com/,HTTP Redirect,,,1.1,,,,,,http://spilou.com/,2026-04-12 22:20:10
2026-04-12,https://spilou.com/,text/html; charset=UTF-8,200,OK,Indexable,,Spilou | Création de sites web performants pour professionnels,62,560,"Agence de création de sites web sur-mesure pour professionnels. Sites vitrines, refonte et SEO. Performance Lighthouse 100/100 garantie.",136,853,,0,"Votre site web, rapide, beau et visible sur Google",50,Des performances qui font la différence,39,Notre process,13,,,,https://spilou.com/,,,,,,51464,13043,13043,4.997,,554,90,6.156,71.702,Fairly Easy,7.131,1,0,,259,44,0,100.000,18,6,0,2,2,0,,,,,8fdd127fa1a2dfad8242408b6838e435,0.252,,,,,fr,1.1,,,,,,https://spilou.com/,2026-04-12 22:20:11
2026-04-12,https://spilou.com/company/contact,text/html,301,Moved Permanently,Non-Indexable,Redirected,,0,0,,0,0,,0,,0,,0,,0,,,,,,,,,,98,98,98,0.038,,0,,,,,0.000,2,1,,177,44,0,100.000,0,0,0,0,0,0,,,,,,0.154,,https://spilou.com/company/contact/,HTTP Redirect,,,1.1,,,,,,https://spilou.com/company/contact,2026-04-12 22:20:12
2026-04-12,https://spilou.com/blog,text/html,301,Moved Permanently,Non-Indexable,Redirected,,0,0,,0,0,,0,,0,,0,,0,,,,,,,,,,98,98,98,0.038,,0,,,,,0.000,2,0,,88,44,0,100.000,0,0,0,0,0,0,,,,,,0.240,,https://spilou.com/blog/,HTTP Redirect,,,1.1,,,,,,https://spilou.com/blog,2026-04-12 22:20:12
2026-04-12,https://spilou.com/seo-local,text/html,301,Moved Permanently,Non-Indexable,Redirected,,0,0,,0,0,,0,,0,,0,,0,,,,,,,,,,98,98,98,0.038,,0,,,,,0.000,2,0,,44,44,0,100.000,0,0,0,0,0,0,,,,,,0.242,,https://spilou.com/seo-local/,HTTP Redirect,,,1.1,,,,,,https://spilou.com/seo-local,2026-04-12 22:20:12
2026-04-12,https://spilou.com/_astro/hoisted.BB6uRyKX.js,application/javascript; charset=UTF-8,200,OK,Indexable,,,0,0,,0,0,,0,,0,,0,,0,,,,,,,,,,0,0,0,0.000,,0,,,,,0.000,2,1,,0,0,0,0.000,0,0,0,0,0,0,,,,,,0.253,,,,,,1.1,,,,,,https://spilou.com/_astro/hoisted.BB6uRyKX.js,2026-04-12 22:20:12
2026-04-12,https://spilou.com/_astro/contact.Ckyfcmt0.css,text/css; charset=UTF-8,200,OK,Indexable,,,0,0,,0,0,,0,,0,,0,,0,,,,,,,,,,0,0,0,0.000,,0,,,,,0.000,2,1,,0,0,0,0.000,0,0,0,0,0,0,,,,,,0.231,,,,,,1.1,,,,,,https://spilou.com/_astro/contact.Ckyfcmt0.css,2026-04-12 22:20:12
2026-04-12,https://spilou.com/company/legal,text/html,301,Moved Permanently,Non-Indexable,Redirected,,0,0,,0,0,,0,,0,,0,,0,,,,,,,,,,98,98,98,0.038,,0,,,,,0.000,2,1,,44,44,0,100.000,0,0,0,0,0,0,,,,,,0.244,,https://spilou.com/company/legal/,HTTP Redirect,,,1.1,,,,,,https://spilou.com/company/legal,2026-04-12 22:20:12
2026-04-12,https://spilou.com/tarifs,text/html,301,Moved Permanently,Non-Indexable,Redirected,,0,0,,0,0,,0,,0,,0,,0,,,,,,,,,,98,98,98,0.038,,0,,,,,0.000,2,0,,88,44,0,100.000,0,0,0,0,0,0,,,,,,0.279,,https://spilou.com/tarifs/,HTTP Redirect,,,1.1,,,,,,https://spilou.com/tarifs,2026-04-12 22:20:12
2026-04-12,https://spilou.com/seo-local/,text/html; charset=UTF-8,200,OK,Indexable,,SEO Local & Google My Business | Spilou,39,361,"Boostez votre visibilité locale sur Google. Optimisation de fiche Google My Business, SEO local et stratégie de référencement pour attirer des clients près de chez vous.",169,1019,,0,Soyez trouvé par vos clients de proximité,41,Pourquoi le SEO local est indispensable,39,Comment ça marche,17,,,,https://spilou.com/seo-local/,,,,,,48452,12938,12938,4.956,,619,93,6.656,62.587,Normal,8.572,3,1,,2,1,0,2.270,18,7,0,2,2,0,,,,,4a64fbaec36b7b912354376511beaa1e,0.160,,,,,fr,1.1,,,,,,https://spilou.com/seo-local/,2026-04-12 22:20:13
2026-04-12,https://spilou.com/tarifs/,text/html; charset=UTF-8,200,OK,Indexable,,Tarifs | Spilou — Création de sites web performants,51,457,"Des tarifs clairs et transparents pour votre site web. Pack Vitrine, Business ou Sur-Mesure. Hébergement gratuit inclus.",120,730,,0,"Des tarifs clairs, aucun frais caché",36,Comparatif détaillé,19,Services à la carte,19,,,,https://spilou.com/tarifs/,,,,,,36855,10077,10077,3.860,,444,91,4.879,75.554,Fairly Easy,8.034,3,1,,1,1,0,2.270,19,7,0,2,2,0,,,,,a4900c60643c0d341c40497bc7b3b9f6,0.124,,,,,fr,1.1,,,,,,https://spilou.com/tarifs/,2026-04-12 22:20:13
2026-04-12,https://spilou.com/company/contact/,text/html; charset=UTF-8,200,OK,Indexable,,Contact | Spilou — Création de sites web performants,52,475,Contactez Spilou pour discuter de votre projet de site web. Devis gratuit et réponse sous 24h.,94,571,,0,Parlons de votre projet,23,,0,,0,,,,https://spilou.com/company/contact/,,,,,,31451,9226,9226,3.534,,49,17,2.882,69.240,Normal,1.773,3,2,,1,1,0,2.270,15,7,0,2,2,0,,,,,7495005adc561339b78e3c3f565bda9f,0.066,,,,,fr,1.1,,,,,,https://spilou.com/company/contact/,2026-04-12 22:20:13
2026-04-12,https://spilou.com/company/legal/,text/html; charset=UTF-8,200,OK,Indexable,,Mentions légales | Spilou,25,222,"Mentions légales, conditions d'utilisation et politique de confidentialité du site spilou.com.",94,548,,0,Mentions légales,16,Définitions,11,1. Présentation du site internet,32,,,,https://spilou.com/company/legal/,,,,,,49905,15590,15590,5.972,,3165,564,5.612,56.771,Fairly Hard,44.862,3,2,,1,1,0,2.270,85,8,0,4,4,0,,,,,2f915a46c98bb20e4b67db0a9a861fa2,0.138,,,,,fr,1.1,,,,,,https://spilou.com/company/legal/,2026-04-12 22:20:13
2026-04-12,https://spilou.com/blog/,text/html; charset=UTF-8,200,OK,Indexable,,Blog | Spilou — Conseils web et SEO pour professionnels,55,499,"Découvrez nos articles sur la création de sites web, le SEO et les bonnes pratiques pour améliorer votre présence en ligne.",123,741,,0,Articles récents,16,,0,,0,,,,https://spilou.com/blog/,,,,,,53844,11346,11346,4.346,,1324,225,5.884,56.071,Fairly Hard,16.501,3,1,,38,38,0,86.360,52,44,0,2,2,0,,,,,d3b0b0269e68302b24649b00d36a0327,0.066,,,,,fr,1.1,,,,,,https://spilou.com/blog/,2026-04-12 22:20:13
2026-04-12,https://spilou.com/_astro/tarifs.bmRGWO3L.css,text/css; charset=UTF-8,200,OK,Indexable,,,0,0,,0,0,,0,,0,,0,,0,,,,,,,,,,0,0,0,0.000,,0,,,,,0.000,4,1,,0,0,0,0.000,0,0,0,0,0,0,,,,,,0.154,,,,,,1.1,,,,,,https://spilou.com/_astro/tarifs.bmRGWO3L.css,2026-04-12 22:20:13
2026-04-12,https://spilou.com/assets/images/blog/repondre-avis-positifs.svg,image/svg+xml,200,OK,Indexable,,,0,0,,0,0,,0,,0,,0,,0,,,,,,,,,,415,415,415,0.159,,0,,,,,0.000,4,3,,0,0,0,0.000,0,0,0,0,0,0,,,,,,0.128,,,,,,1.1,,,,,,https://spilou.com/assets/images/blog/repondre-avis-positifs.svg,2026-04-12 22:20:14
2026-04-12,https://spilou.com/assets/images/blog/fusionner-deux-comptes-google.svg,image/svg+xml,200,OK,Indexable,,,0,0,,0,0,,0,,0,,0,,0,,,,,,,,,,482,482,482,0.185,,0,,,,,0.000,4,3,,0,0,0,0.000,0,0,0,0,0,0,,,,,,0.130,,,,,,1.1,,,,,,https://spilou.com/assets/images/blog/fusionner-deux-comptes-google.svg,2026-04-12 22:20:14
2026-04-12,https://spilou.com/assets/images/blog/modifier-avis-google.svg,image/svg+xml,200,OK,Indexable,,,0,0,,0,0,,0,,0,,0,,0,,,,,,,,,,482,482,482,0.185,,0,,,,,0.000,4,3,,0,0,0,0.000,0,0,0,0,0,0,,,,,,0.145,,,,,,1.1,,,,,,https://spilou.com/assets/images/blog/modifier-avis-google.svg,2026-04-12 22:20:14
2026-04-12,https://spilou.com/assets/images/blog/gerer-plusieurs-etablissements-google-my-business.svg,image/svg+xml,200,OK,Indexable,,,0,0,,0,0,,0,,0,,0,,0,,,,,,,,,,482,482,482,0.185,,0,,,,,0.000,4,3,,0,0,0,0.000,0,0,0,0,0,0,,,,,,0.122,,,,,,1.1,,,,,,https://spilou.com/assets/images/blog/gerer-plusieurs-etablissements-google-my-business.svg,2026-04-12 22:20:14
2026-04-12,https://spilou.com/assets/images/blog/questions-reponses.svg,image/svg+xml,200,OK,Indexable,,,0,0,,0,0,,0,,0,,0,,0,,,,,,,,,,415,415,415,0.159,,0,,,,,0.000,4,3,,0,0,0,0.000,0,0,0,0,0,0,,,,,,0.147,,,,,,1.1,,,,,,https://spilou.com/assets/images/blog/questions-reponses.svg,2026-04-12 22:20:14
2026-04-12,https://spilou.com/assets/images/blog/referencement-local-pme.svg,image/svg+xml,200,OK,Indexable,,,0,0,,0,0,,0,,0,,0,,0,,,,,,,,,,972,972,972,0.372,,0,,,,,0.000,4,3,,0,0,0,0.000,0,0,0,0,0,0,,,,,,0.122,,,,,,1.1,,,,,,https://spilou.com/assets/images/blog/referencement-local-pme.svg,2026-04-12 22:20:14
2026-04-12,https://spilou.com/blog/posts/ajouter-produits-google-my-business,text/html,301,Moved Permanently,Non-Indexable,Redirected,,0,0,,0,0,,0,,0,,0,,0,,,,,,,,,,98,98,98,0.038,,0,,,,,0.000,4,2,,2,2,0,4.550,0,0,0,0,0,0,,,,,,0.229,,https://spilou.com/blog/posts/ajouter-produits-google-my-business/,HTTP Redirect,,,1.1,,,,,,https://spilou.com/blog/posts/ajouter-produits-google-my-business,2026-04-12 22:20:14
2026-04-12,https://spilou.com/assets/images/blog/enlever-compte-google-sans-le-supprimer.svg,image/svg+xml,200,OK,Indexable,,,0,0,,0,0,,0,,0,,0,,0,,,,,,,,,,849,849,849,0.325,,0,,,,,0.000,4,3,,0,0,0,0.000,0,0,0,0,0,0,,,,,,0.114,,,,,,1.1,,,,,,https://spilou.com/assets/images/blog/enlever-compte-google-sans-le-supprimer.svg,2026-04-12 22:20:14
2026-04-12,https://spilou.com/blog/posts/gerer-plusieurs-etablissements-google-my-business,text/html,301,Moved Permanently,Non-Indexable,Redirected,,0,0,,0,0,,0,,0,,0,,0,,,,,,,,,,98,98,98,0.038,,0,,,,,0.000,4,2,,2,2,0,4.550,0,0,0,0,0,0,,,,,,0.215,,https://spilou.com/blog/posts/gerer-plusieurs-etablissements-google-my-business/,HTTP Redirect,,,1.1,,,,,,https://spilou.com/blog/posts/gerer-plusieurs-etablissements-google-my-business,2026-04-12 22:20:14
2026-04-12,https://spilou.com/blog/posts/integrez-les-avis-google-sur-mon-site,text/html,301,Moved Permanently,Non-Indexable,Redirected,,0,0,,0,0,,0,,0,,0,,0,,,,,,,,,,98,98,98,0.038,,0,,,,,0.000,4,2,,2,2,0,4.550,0,0,0,0,0,0,,,,,,0.252,,https://spilou.com/blog/posts/integrez-les-avis-google-sur-mon-site/,HTTP Redirect,,,1.1,,,,,,https://spilou.com/blog/posts/integrez-les-avis-google-sur-mon-site,2026-04-12 22:20:14
2026-04-12,https://spilou.com/assets/images/blog/repondre-avis-google.svg,image/svg+xml,200,OK,Indexable,,,0,0,,0,0,,0,,0,,0,,0,,,,,,,,,,415,415,415,0.159,,0,,,,,0.000,4,3,,0,0,0,0.000,0,0,0,0,0,0,,,,,,0.166,,,,,,1.1,,,,,,https://spilou.com/assets/images/blog/repondre-avis-google.svg,2026-04-12 22:20:14
2026-04-12,https://spilou.com/blog/posts/statistique-recherches-google,text/html,301,Moved Permanently,Non-Indexable,Redirected,,0,0,,0,0,,0,,0,,0,,0,,,,,,,,,,98,98,98,0.038,,0,,,,,0.000,4,2,,2,2,0,4.550,0,0,0,0,0,0,,,,,,0.340,,https://spilou.com/blog/posts/statistique-recherches-google/,HTTP Redirect,,,1.1,,,,,,https://spilou.com/blog/posts/statistique-recherches-google,2026-04-12 22:20:14
2026-04-12,https://spilou.com/assets/images/blog/avis-google.svg,image/svg+xml,200,OK,Indexable,,,0,0,,0,0,,0,,0,,0,,0,,,,,,,,,,964,964,964,0.369,,0,,,,,0.000,4,3,,0,0,0,0.000,0,0,0,0,0,0,,,,,,0.089,,,,,,1.1,,,,,,https://spilou.com/assets/images/blog/avis-google.svg,2026-04-12 22:20:14
2026-04-12,https://spilou.com/assets/images/blog/services-fiche-google-my-business.svg,image/svg+xml,200,OK,Indexable,,,0,0,,0,0,,0,,0,,0,,0,,,,,,,,,,438,438,438,0.168,,0,,,,,0.000,4,3,,0,0,0,0.000,0,0,0,0,0,0,,,,,,0.228,,,,,,1.1,,,,,,https://spilou.com/assets/images/blog/services-fiche-google-my-business.svg,2026-04-12 22:20:14
2026-04-12,https://spilou.com/blog/posts/fusionner-deux-comptes-google,text/html,301,Moved Permanently,Non-Indexable,Redirected,,0,0,,0,0,,0,,0,,0,,0,,,,,,,,,,98,98,98,0.038,,0,,,,,0.000,4,2,,2,2,0,4.550,0,0,0,0,0,0,,,,,,0.273,,https://spilou.com/blog/posts/fusionner-deux-comptes-google/,HTTP Redirect,,,1.1,,,,,,https://spilou.com/blog/posts/fusionner-deux-comptes-google,2026-04-12 22:20:14
2026-04-12,https://spilou.com/blog/posts/guide-pour-contacter-google-my-business,text/html,301,Moved Permanently,Non-Indexable,Redirected,,0,0,,0,0,,0,,0,,0,,0,,,,,,,,,,98,98,98,0.038,,0,,,,,0.000,4,2,,2,2,0,4.550,0,0,0,0,0,0,,,,,,0.307,,https://spilou.com/blog/posts/guide-pour-contacter-google-my-business/,HTTP Redirect,,,1.1,,,,,,https://spilou.com/blog/posts/guide-pour-contacter-google-my-business,2026-04-12 22:20:14
2026-04-12,https://spilou.com/blog/posts/supprimer-fiche-etablissement,text/html,301,Moved Permanently,Non-Indexable,Redirected,,0,0,,0,0,,0,,0,,0,,0,,,,,,,,,,98,98,98,0.038,,0,,,,,0.000,4,2,,2,2,0,4.550,0,0,0,0,0,0,,,,,,0.244,,https://spilou.com/blog/posts/supprimer-fiche-etablissement/,HTTP Redirect,,,1.1,,,,,,https://spilou.com/blog/posts/supprimer-fiche-etablissement,2026-04-12 22:20:14
2026-04-12,https://spilou.com/assets/images/blog/afficher-option-vente-a-emporter.svg,image/svg+xml,200,OK,Indexable,,,0,0,,0,0,,0,,0,,0,,0,,,,,,,,,,438,438,438,0.168,,0,,,,,0.000,4,3,,0,0,0,0.000,0,0,0,0,0,0,,,,,,0.151,,,,,,1.1,,,,,,https://spilou.com/assets/images/blog/afficher-option-vente-a-emporter.svg,2026-04-12 22:20:15
2026-04-12,https://spilou.com/blog/posts/deconnecter-un-compte-google,text/html,301,Moved Permanently,Non-Indexable,Redirected,,0,0,,0,0,,0,,0,,0,,0,,,,,,,,,,98,98,98,0.038,,0,,,,,0.000,4,2,,2,2,0,4.550,0,0,0,0,0,0,,,,,,0.233,,https://spilou.com/blog/posts/deconnecter-un-compte-google/,HTTP Redirect,,,1.1,,,,,,https://spilou.com/blog/posts/deconnecter-un-compte-google,2026-04-12 22:20:15
2026-04-12,https://spilou.com/blog/posts/modifier-avis-google,text/html,301,Moved Permanently,Non-Indexable,Redirected,,0,0,,0,0,,0,,0,,0,,0,,,,,,,,,,98,98,98,0.038,,0,,,,,0.000,4,2,,2,2,0,4.550,0,0,0,0,0,0,,,,,,0.273,,https://spilou.com/blog/posts/modifier-avis-google/,HTTP Redirect,,,1.1,,,,,,https://spilou.com/blog/posts/modifier-avis-google,2026-04-12 22:20:15
2026-04-12,https://spilou.com/assets/images/blog/statistique-recherches-google.svg,image/svg+xml,200,OK,Indexable,,,0,0,,0,0,,0,,0,,0,,0,,,,,,,,,,396,396,396,0.152,,0,,,,,0.000,4,3,,0,0,0,0.000,0,0,0,0,0,0,,,,,,0.227,,,,,,1.1,,,,,,https://spilou.com/assets/images/blog/statistique-recherches-google.svg,2026-04-12 22:20:15
2026-04-12,https://spilou.com/blog/posts/voir-ses-avis-google,text/html,301,Moved Permanently,Non-Indexable,Redirected,,0,0,,0,0,,0,,0,,0,,0,,,,,,,,,,98,98,98,0.038,,0,,,,,0.000,4,2,,2,2,0,4.550,0,0,0,0,0,0,,,,,,0.229,,https://spilou.com/blog/posts/voir-ses-avis-google/,HTTP Redirect,,,1.1,,,,,,https://spilou.com/blog/posts/voir-ses-avis-google,2026-04-12 22:20:15
2026-04-12,https://spilou.com/blog/posts/repondre-avis-negatifs,text/html,301,Moved Permanently,Non-Indexable,Redirected,,0,0,,0,0,,0,,0,,0,,0,,,,,,,,,,98,98,98,0.038,,0,,,,,0.000,4,2,,2,2,0,4.550,0,0,0,0,0,0,,,,,,0.226,,https://spilou.com/blog/posts/repondre-avis-negatifs/,HTTP Redirect,,,1.1,,,,,,https://spilou.com/blog/posts/repondre-avis-negatifs,2026-04-12 22:20:15
2026-04-12,https://spilou.com/blog/posts/optimisation-fiche-google-my-business,text/html,301,Moved Permanently,Non-Indexable,Redirected,,0,0,,0,0,,0,,0,,0,,0,,,,,,,,,,98,98,98,0.038,,0,,,,,0.000,4,2,,2,2,0,4.550,0,0,0,0,0,0,,,,,,0.228,,https://spilou.com/blog/posts/optimisation-fiche-google-my-business/,HTTP Redirect,,,1.1,,,,,,https://spilou.com/blog/posts/optimisation-fiche-google-my-business,2026-04-12 22:20:15
2026-04-12,https://spilou.com/blog/posts/ajouter-des-videos-google-my-business,text/html,301,Moved Permanently,Non-Indexable,Redirected,,0,0,,0,0,,0,,0,,0,,0,,,,,,,,,,98,98,98,0.038,,0,,,,,0.000,4,2,,2,2,0,4.550,0,0,0,0,0,0,,,,,,0.240,,https://spilou.com/blog/posts/ajouter-des-videos-google-my-business/,HTTP Redirect,,,1.1,,,,,,https://spilou.com/blog/posts/ajouter-des-videos-google-my-business,2026-04-12 22:20:15
2026-04-12,https://spilou.com/blog/posts/ajouter-votre-entreprise-sur-google-my-business,text/html,301,Moved Permanently,Non-Indexable,Redirected,,0,0,,0,0,,0,,0,,0,,0,,,,,,,,,,98,98,98,0.038,,0,,,,,0.000,4,2,,2,2,0,4.550,0,0,0,0,0,0,,,,,,0.265,,https://spilou.com/blog/posts/ajouter-votre-entreprise-sur-google-my-business/,HTTP Redirect,,,1.1,,,,,,https://spilou.com/blog/posts/ajouter-votre-entreprise-sur-google-my-business,2026-04-12 22:20:15
2026-04-12,https://spilou.com/_astro/acheter-avis-google.DekjcJU4.css,text/css; charset=UTF-8,200,OK,Indexable,,,0,0,,0,0,,0,,0,,0,,0,,,,,,,,,,0,0,0,0.000,,0,,,,,0.000,4,1,,0,0,0,0.000,0,0,0,0,0,0,,,,,,0.220,,,,,,1.1,,,,,,https://spilou.com/_astro/acheter-avis-google.DekjcJU4.css,2026-04-12 22:20:15
2026-04-12,https://spilou.com/assets/images/blog/supprimer-avis-google.svg,image/svg+xml,200,OK,Indexable,,,0,0,,0,0,,0,,0,,0,,0,,,,,,,,,,849,849,849,0.325,,0,,,,,0.000,4,3,,0,0,0,0.000,0,0,0,0,0,0,,,,,,0.090,,,,,,1.1,,,,,,https://spilou.com/assets/images/blog/supprimer-avis-google.svg,2026-04-12 22:20:15
2026-04-12,https://spilou.com/assets/images/blog/acheter-avis-google.svg,image/svg+xml,200,OK,Indexable,,,0,0,,0,0,,0,,0,,0,,0,,,,,,,,,,903,903,903,0.346,,0,,,,,0.000,4,3,,0,0,0,0.000,0,0,0,0,0,0,,,,,,0.089,,,,,,1.1,,,,,,https://spilou.com/assets/images/blog/acheter-avis-google.svg,2026-04-12 22:20:15
2026-04-12,https://spilou.com/blog/posts/google-my-business-ajouter-categories,text/html,301,Moved Permanently,Non-Indexable,Redirected,,0,0,,0,0,,0,,0,,0,,0,,,,,,,,,,98,98,98,0.038,,0,,,,,0.000,4,2,,2,2,0,4.550,0,0,0,0,0,0,,,,,,0.286,,https://spilou.com/blog/posts/google-my-business-ajouter-categories/,HTTP Redirect,,,1.1,,,,,,https://spilou.com/blog/posts/google-my-business-ajouter-categories,2026-04-12 22:20:15
2026-04-12,https://spilou.com/assets/images/blog/optimisation-fiche-google-my-business.svg,image/svg+xml,200,OK,Indexable,,,0,0,,0,0,,0,,0,,0,,0,,,,,,,,,,438,438,438,0.168,,0,,,,,0.000,4,3,,0,0,0,0.000,0,0,0,0,0,0,,,,,,0.139,,,,,,1.1,,,,,,https://spilou.com/assets/images/blog/optimisation-fiche-google-my-business.svg,2026-04-12 22:20:15
2026-04-12,https://spilou.com/assets/images/blog/signaler-un-avis-google.svg,image/svg+xml,200,OK,Indexable,,,0,0,,0,0,,0,,0,,0,,0,,,,,,,,,,849,849,849,0.325,,0,,,,,0.000,4,3,,0,0,0,0.000,0,0,0,0,0,0,,,,,,0.223,,,,,,1.1,,,,,,https://spilou.com/assets/images/blog/signaler-un-avis-google.svg,2026-04-12 22:20:15
2026-04-12,https://spilou.com/assets/images/blog/repondre-avis-negatifs.svg,image/svg+xml,200,OK,Indexable,,,0,0,,0,0,,0,,0,,0,,0,,,,,,,,,,415,415,415,0.159,,0,,,,,0.000,4,3,,0,0,0,0.000,0,0,0,0,0,0,,,,,,0.320,,,,,,1.1,,,,,,https://spilou.com/assets/images/blog/repondre-avis-negatifs.svg,2026-04-12 22:20:15
2026-04-12,https://spilou.com/blog/posts/attributs-google-my-business,text/html,301,Moved Permanently,Non-Indexable,Redirected,,0,0,,0,0,,0,,0,,0,,0,,,,,,,,,,98,98,98,0.038,,0,,,,,0.000,4,2,,2,2,0,4.550,0,0,0,0,0,0,,,,,,0.346,,https://spilou.com/blog/posts/attributs-google-my-business/,HTTP Redirect,,,1.1,,,,,,https://spilou.com/blog/posts/attributs-google-my-business,2026-04-12 22:20:15
2026-04-12,https://spilou.com/assets/images/blog/supprimer-photos-fiche-google-my-business.svg,image/svg+xml,200,OK,Indexable,,,0,0,,0,0,,0,,0,,0,,0,,,,,,,,,,482,482,482,0.185,,0,,,,,0.000,4,3,,0,0,0,0.000,0,0,0,0,0,0,,,,,,0.115,,,,,,1.1,,,,,,https://spilou.com/assets/images/blog/supprimer-photos-fiche-google-my-business.svg,2026-04-12 22:20:15
2026-04-12,https://spilou.com/blog/posts/modifier-horaires-ouverture-google-my-business,text/html,301,Moved Permanently,Non-Indexable,Redirected,,0,0,,0,0,,0,,0,,0,,0,,,,,,,,,,98,98,98,0.038,,0,,,,,0.000,4,2,,2,2,0,4.550,0,0,0,0,0,0,,,,,,0.326,,https://spilou.com/blog/posts/modifier-horaires-ouverture-google-my-business/,HTTP Redirect,,,1.1,,,,,,https://spilou.com/blog/posts/modifier-horaires-ouverture-google-my-business,2026-04-12 22:20:15
2026-04-12,https://spilou.com/assets/images/blog/supprimer-fiche-etablissement.svg,image/svg+xml,200,OK,Indexable,,,0,0,,0,0,,0,,0,,0,,0,,,,,,,,,,849,849,849,0.325,,0,,,,,0.000,4,3,,0,0,0,0.000,0,0,0,0,0,0,,,,,,0.122,,,,,,1.1,,,,,,https://spilou.com/assets/images/blog/supprimer-fiche-etablissement.svg,2026-04-12 22:20:16
2026-04-12,https://spilou.com/blog/posts/supprimer-photos-fiche-google-my-business,text/html,301,Moved Permanently,Non-Indexable,Redirected,,0,0,,0,0,,0,,0,,0,,0,,,,,,,,,,98,98,98,0.038,,0,,,,,0.000,4,2,,2,2,0,4.550,0,0,0,0,0,0,,,,,,0.402,,https://spilou.com/blog/posts/supprimer-photos-fiche-google-my-business/,HTTP Redirect,,,1.1,,,,,,https://spilou.com/blog/posts/supprimer-photos-fiche-google-my-business,2026-04-12 22:20:15
2026-04-12,https://spilou.com/assets/images/blog/fiche-google-my-business.svg,image/svg+xml,200,OK,Indexable,,,0,0,,0,0,,0,,0,,0,,0,,,,,,,,,,1022,1022,1022,0.392,,0,,,,,0.000,4,3,,0,0,0,0.000,0,0,0,0,0,0,,,,,,0.094,,,,,,1.1,,,,,,https://spilou.com/assets/images/blog/fiche-google-my-business.svg,2026-04-12 22:20:16
2026-04-12,https://spilou.com/blog/posts/supprimer-avis-google,text/html,301,Moved Permanently,Non-Indexable,Redirected,,0,0,,0,0,,0,,0,,0,,0,,,,,,,,,,98,98,98,0.038,,0,,,,,0.000,4,2,,2,2,0,4.550,0,0,0,0,0,0,,,,,,0.260,,https://spilou.com/blog/posts/supprimer-avis-google/,HTTP Redirect,,,1.1,,,,,,https://spilou.com/blog/posts/supprimer-avis-google,2026-04-12 22:20:16
2026-04-12,https://spilou.com/blog/posts/repondre-avis-positifs,text/html,301,Moved Permanently,Non-Indexable,Redirected,,0,0,,0,0,,0,,0,,0,,0,,,,,,,,,,98,98,98,0.038,,0,,,,,0.000,4,2,,2,2,0,4.550,0,0,0,0,0,0,,,,,,0.249,,https://spilou.com/blog/posts/repondre-avis-positifs/,HTTP Redirect,,,1.1,,,,,,https://spilou.com/blog/posts/repondre-avis-positifs,2026-04-12 22:20:16
2026-04-12,https://spilou.com/blog/posts/fiche-google-my-business,text/html,301,Moved Permanently,Non-Indexable,Redirected,,0,0,,0,0,,0,,0,,0,,0,,,,,,,,,,98,98,98,0.038,,0,,,,,0.000,4,2,,2,2,0,4.550,0,0,0,0,0,0,,,,,,0.217,,https://spilou.com/blog/posts/fiche-google-my-business/,HTTP Redirect,,,1.1,,,,,,https://spilou.com/blog/posts/fiche-google-my-business,2026-04-12 22:20:16
2026-04-12,https://spilou.com/blog/posts/questions-reponses,text/html,301,Moved Permanently,Non-Indexable,Redirected,,0,0,,0,0,,0,,0,,0,,0,,,,,,,,,,98,98,98,0.038,,0,,,,,0.000,4,2,,2,2,0,4.550,0,0,0,0,0,0,,,,,,0.255,,https://spilou.com/blog/posts/questions-reponses/,HTTP Redirect,,,1.1,,,,,,https://spilou.com/blog/posts/questions-reponses,2026-04-12 22:20:16
2026-04-12,https://spilou.com/assets/images/blog/ajouter-produits-google-my-business.svg,image/svg+xml,200,OK,Indexable,,,0,0,,0,0,,0,,0,,0,,0,,,,,,,,,,396,396,396,0.152,,0,,,,,0.000,4,3,,0,0,0,0.000,0,0,0,0,0,0,,,,,,0.116,,,,,,1.1,,,,,,https://spilou.com/assets/images/blog/ajouter-produits-google-my-business.svg,2026-04-12 22:20:16
2026-04-12,https://spilou.com/blog/posts/repondre-avis-google,text/html,301,Moved Permanently,Non-Indexable,Redirected,,0,0,,0,0,,0,,0,,0,,0,,,,,,,,,,98,98,98,0.038,,0,,,,,0.000,4,2,,2,2,0,4.550,0,0,0,0,0,0,,,,,,0.248,,https://spilou.com/blog/posts/repondre-avis-google/,HTTP Redirect,,,1.1,,,,,,https://spilou.com/blog/posts/repondre-avis-google,2026-04-12 22:20:16
2026-04-12,https://spilou.com/assets/images/blog/voir-ses-avis-google.svg,image/svg+xml,200,OK,Indexable,,,0,0,,0,0,,0,,0,,0,,0,,,,,,,,,,964,964,964,0.369,,0,,,,,0.000,4,3,,0,0,0,0.000,0,0,0,0,0,0,,,,,,0.115,,,,,,1.1,,,,,,https://spilou.com/assets/images/blog/voir-ses-avis-google.svg,2026-04-12 22:20:16
2026-04-12,https://spilou.com/assets/images/blog/modifier-horaires-ouverture-google-my-business.svg,image/svg+xml,200,OK,Indexable,,,0,0,,0,0,,0,,0,,0,,0,,,,,,,,,,482,482,482,0.185,,0,,,,,0.000,4,3,,0,0,0,0.000,0,0,0,0,0,0,,,,,,0.129,,,,,,1.1,,,,,,https://spilou.com/assets/images/blog/modifier-horaires-ouverture-google-my-business.svg,2026-04-12 22:20:16
2026-04-12,https://spilou.com/blog/posts/enlever-compte-google-sans-le-supprimer,text/html,301,Moved Permanently,Non-Indexable,Redirected,,0,0,,0,0,,0,,0,,0,,0,,,,,,,,,,98,98,98,0.038,,0,,,,,0.000,4,2,,2,2,0,4.550,0,0,0,0,0,0,,,,,,0.235,,https://spilou.com/blog/posts/enlever-compte-google-sans-le-supprimer/,HTTP Redirect,,,1.1,,,,,,https://spilou.com/blog/posts/enlever-compte-google-sans-le-supprimer,2026-04-12 22:20:16
2026-04-12,https://spilou.com/blog/posts/compte-google-my-business,text/html,301,Moved Permanently,Non-Indexable,Redirected,,0,0,,0,0,,0,,0,,0,,0,,,,,,,,,,98,98,98,0.038,,0,,,,,0.000,4,2,,2,2,0,4.550,0,0,0,0,0,0,,,,,,0.292,,https://spilou.com/blog/posts/compte-google-my-business/,HTTP Redirect,,,1.1,,,,,,https://spilou.com/blog/posts/compte-google-my-business,2026-04-12 22:20:16
2026-04-12,https://spilou.com/assets/images/blog/compte-google-my-business.svg,image/svg+xml,200,OK,Indexable,,,0,0,,0,0,,0,,0,,0,,0,,,,,,,,,,389,389,389,0.149,,0,,,,,0.000,4,3,,0,0,0,0.000,0,0,0,0,0,0,,,,,,0.220,,,,,,1.1,,,,,,https://spilou.com/assets/images/blog/compte-google-my-business.svg,2026-04-12 22:20:16
2026-04-12,https://spilou.com/assets/images/blog/guide-pour-contacter-google-my-business.svg,image/svg+xml,200,OK,Indexable,,,0,0,,0,0,,0,,0,,0,,0,,,,,,,,,,415,415,415,0.159,,0,,,,,0.000,4,3,,0,0,0,0.000,0,0,0,0,0,0,,,,,,0.122,,,,,,1.1,,,,,,https://spilou.com/assets/images/blog/guide-pour-contacter-google-my-business.svg,2026-04-12 22:20:16
2026-04-12,https://spilou.com/assets/images/blog/integrez-les-avis-google-sur-mon-site.svg,image/svg+xml,200,OK,Indexable,,,0,0,,0,0,,0,,0,,0,,0,,,,,,,,,,489,489,489,0.187,,0,,,,,0.000,4,3,,0,0,0,0.000,0,0,0,0,0,0,,,,,,0.260,,,,,,1.1,,,,,,https://spilou.com/assets/images/blog/integrez-les-avis-google-sur-mon-site.svg,2026-04-12 22:20:16
2026-04-12,https://spilou.com/blog/posts/resoudre-la-suspension-compte-google,text/html,301,Moved Permanently,Non-Indexable,Redirected,,0,0,,0,0,,0,,0,,0,,0,,,,,,,,,,98,98,98,0.038,,0,,,,,0.000,4,2,,2,2,0,4.550,0,0,0,0,0,0,,,,,,0.240,,https://spilou.com/blog/posts/resoudre-la-suspension-compte-google/,HTTP Redirect,,,1.1,,,,,,https://spilou.com/blog/posts/resoudre-la-suspension-compte-google,2026-04-12 22:20:16
2026-04-12,https://spilou.com/blog/posts/ajouter-des-photos-google-my-business,text/html,301,Moved Permanently,Non-Indexable,Redirected,,0,0,,0,0,,0,,0,,0,,0,,,,,,,,,,98,98,98,0.038,,0,,,,,0.000,4,2,,2,2,0,4.550,0,0,0,0,0,0,,,,,,0.248,,https://spilou.com/blog/posts/ajouter-des-photos-google-my-business/,HTTP Redirect,,,1.1,,,,,,https://spilou.com/blog/posts/ajouter-des-photos-google-my-business,2026-04-12 22:20:16
2026-04-12,https://spilou.com/blog/posts/augmenter-visibilite-web,text/html,301,Moved Permanently,Non-Indexable,Redirected,,0,0,,0,0,,0,,0,,0,,0,,,,,,,,,,98,98,98,0.038,,0,,,,,0.000,4,2,,2,2,0,4.550,0,0,0,0,0,0,,,,,,0.109,,https://spilou.com/blog/posts/augmenter-visibilite-web/,HTTP Redirect,,,1.1,,,,,,https://spilou.com/blog/posts/augmenter-visibilite-web,2026-04-12 22:20:16
2026-04-12,https://spilou.com/blog/posts/afficher-option-vente-a-emporter,text/html,301,Moved Permanently,Non-Indexable,Redirected,,0,0,,0,0,,0,,0,,0,,0,,,,,,,,,,98,98,98,0.038,,0,,,,,0.000,4,2,,2,2,0,4.550,0,0,0,0,0,0,,,,,,0.250,,https://spilou.com/blog/posts/afficher-option-vente-a-emporter/,HTTP Redirect,,,1.1,,,,,,https://spilou.com/blog/posts/afficher-option-vente-a-emporter,2026-04-12 22:20:16
2026-04-12,https://spilou.com/assets/images/blog/ajouter-des-videos-google-my-business.svg,image/svg+xml,200,OK,Indexable,,,0,0,,0,0,,0,,0,,0,,0,,,,,,,,,,465,465,465,0.178,,0,,,,,0.000,4,3,,0,0,0,0.000,0,0,0,0,0,0,,,,,,0.227,,,,,,1.1,,,,,,https://spilou.com/assets/images/blog/ajouter-des-videos-google-my-business.svg,2026-04-12 22:20:16
2026-04-12,https://spilou.com/blog/posts/services-fiche-google-my-business,text/html,301,Moved Permanently,Non-Indexable,Redirected,,0,0,,0,0,,0,,0,,0,,0,,,,,,,,,,98,98,98,0.038,,0,,,,,0.000,4,2,,2,2,0,4.550,0,0,0,0,0,0,,,,,,0.225,,https://spilou.com/blog/posts/services-fiche-google-my-business/,HTTP Redirect,,,1.1,,,,,,https://spilou.com/blog/posts/services-fiche-google-my-business,2026-04-12 22:20:16
2026-04-12,https://spilou.com/assets/images/blog/deconnecter-un-compte-google.svg,image/svg+xml,200,OK,Indexable,,,0,0,,0,0,,0,,0,,0,,0,,,,,,,,,,482,482,482,0.185,,0,,,,,0.000,4,3,,0,0,0,0.000,0,0,0,0,0,0,,,,,,0.105,,,,,,1.1,,,,,,https://spilou.com/assets/images/blog/deconnecter-un-compte-google.svg,2026-04-12 22:20:17
2026-04-12,https://spilou.com/assets/images/blog/attributs-google-my-business.svg,image/svg+xml,200,OK,Indexable,,,0,0,,0,0,,0,,0,,0,,0,,,,,,,,,,482,482,482,0.185,,0,,,,,0.000,4,3,,0,0,0,0.000,0,0,0,0,0,0,,,,,,0.118,,,,,,1.1,,,,,,https://spilou.com/assets/images/blog/attributs-google-my-business.svg,2026-04-12 22:20:17
2026-04-12,https://spilou.com/blog/posts/avis-google,text/html,301,Moved Permanently,Non-Indexable,Redirected,,0,0,,0,0,,0,,0,,0,,0,,,,,,,,,,98,98,98,0.038,,0,,,,,0.000,4,2,,2,2,0,4.550,0,0,0,0,0,0,,,,,,0.265,,https://spilou.com/blog/posts/avis-google/,HTTP Redirect,,,1.1,,,,,,https://spilou.com/blog/posts/avis-google,2026-04-12 22:20:16
2026-04-12,https://spilou.com/blog/posts/signaler-un-avis-google,text/html,301,Moved Permanently,Non-Indexable,Redirected,,0,0,,0,0,,0,,0,,0,,0,,,,,,,,,,98,98,98,0.038,,0,,,,,0.000,4,2,,2,2,0,4.550,0,0,0,0,0,0,,,,,,0.247,,https://spilou.com/blog/posts/signaler-un-avis-google/,HTTP Redirect,,,1.1,,,,,,https://spilou.com/blog/posts/signaler-un-avis-google,2026-04-12 22:20:16
2026-04-12,https://spilou.com/assets/images/blog/erreurs-referencement-local.svg,image/svg+xml,200,OK,Indexable,,,0,0,,0,0,,0,,0,,0,,0,,,,,,,,,,903,903,903,0.346,,0,,,,,0.000,4,3,,0,0,0,0.000,0,0,0,0,0,0,,,,,,0.114,,,,,,1.1,,,,,,https://spilou.com/assets/images/blog/erreurs-referencement-local.svg,2026-04-12 22:20:17
2026-04-12,https://spilou.com/blog/posts/acheter-avis-google,text/html,301,Moved Permanently,Non-Indexable,Redirected,,0,0,,0,0,,0,,0,,0,,0,,,,,,,,,,98,98,98,0.038,,0,,,,,0.000,4,2,,2,2,0,4.550,0,0,0,0,0,0,,,,,,0.255,,https://spilou.com/blog/posts/acheter-avis-google/,HTTP Redirect,,,1.1,,,,,,https://spilou.com/blog/posts/acheter-avis-google,2026-04-12 22:20:17
2026-04-12,https://spilou.com/assets/images/blog/ajouter-des-photos-google-my-business.svg,image/svg+xml,200,OK,Indexable,,,0,0,,0,0,,0,,0,,0,,0,,,,,,,,,,465,465,465,0.178,,0,,,,,0.000,4,3,,0,0,0,0.000,0,0,0,0,0,0,,,,,,0.153,,,,,,1.1,,,,,,https://spilou.com/assets/images/blog/ajouter-des-photos-google-my-business.svg,2026-04-12 22:20:17
2026-04-12,https://spilou.com/assets/images/blog/resoudre-la-suspension-compte-google.svg,image/svg+xml,200,OK,Indexable,,,0,0,,0,0,,0,,0,,0,,0,,,,,,,,,,849,849,849,0.325,,0,,,,,0.000,4,3,,0,0,0,0.000,0,0,0,0,0,0,,,,,,0.152,,,,,,1.1,,,,,,https://spilou.com/assets/images/blog/resoudre-la-suspension-compte-google.svg,2026-04-12 22:20:17
2026-04-12,https://spilou.com/blog/posts/ameliorer-referencement-google-my-business,text/html,301,Moved Permanently,Non-Indexable,Redirected,,0,0,,0,0,,0,,0,,0,,0,,,,,,,,,,98,98,98,0.038,,0,,,,,0.000,4,2,,2,2,0,4.550,0,0,0,0,0,0,,,,,,0.236,,https://spilou.com/blog/posts/ameliorer-referencement-google-my-business/,HTTP Redirect,,,1.1,,,,,,https://spilou.com/blog/posts/ameliorer-referencement-google-my-business,2026-04-12 22:20:17
2026-04-12,https://spilou.com/assets/images/blog/demander-avis-google.svg,image/svg+xml,200,OK,Indexable,,,0,0,,0,0,,0,,0,,0,,0,,,,,,,,,,415,415,415,0.159,,0,,,,,0.000,4,3,,0,0,0,0.000,0,0,0,0,0,0,,,,,,0.149,,,,,,1.1,,,,,,https://spilou.com/assets/images/blog/demander-avis-google.svg,2026-04-12 22:20:17
2026-04-12,https://spilou.com/assets/images/blog/ajouter-votre-entreprise-sur-google-my-business.svg,image/svg+xml,200,OK,Indexable,,,0,0,,0,0,,0,,0,,0,,0,,,,,,,,,,1000,1000,1000,0.383,,0,,,,,0.000,4,3,,0,0,0,0.000,0,0,0,0,0,0,,,,,,0.095,,,,,,1.1,,,,,,https://spilou.com/assets/images/blog/ajouter-votre-entreprise-sur-google-my-business.svg,2026-04-12 22:20:17
2026-04-12,https://spilou.com/assets/images/blog/augmenter-visibilite-web.svg,image/svg+xml,200,OK,Indexable,,,0,0,,0,0,,0,,0,,0,,0,,,,,,,,,,1008,1008,1008,0.386,,0,,,,,0.000,4,3,,0,0,0,0.000,0,0,0,0,0,0,,,,,,0.081,,,,,,1.1,,,,,,https://spilou.com/assets/images/blog/augmenter-visibilite-web.svg,2026-04-12 22:20:17
2026-04-12,https://spilou.com/assets/images/blog/ameliorer-referencement-google-my-business.svg,image/svg+xml,200,OK,Indexable,,,0,0,,0,0,,0,,0,,0,,0,,,,,,,,,,1008,1008,1008,0.386,,0,,,,,0.000,4,3,,0,0,0,0.000,0,0,0,0,0,0,,,,,,0.085,,,,,,1.1,,,,,,https://spilou.com/assets/images/blog/ameliorer-referencement-google-my-business.svg,2026-04-12 22:20:17
2026-04-12,https://spilou.com/blog/posts/referencement-local-pme,text/html,301,Moved Permanently,Non-Indexable,Redirected,,0,0,,0,0,,0,,0,,0,,0,,,,,,,,,,98,98,98,0.038,,0,,,,,0.000,4,2,,2,2,0,4.550,0,0,0,0,0,0,,,,,,0.285,,https://spilou.com/blog/posts/referencement-local-pme/,HTTP Redirect,,,1.1,,,,,,https://spilou.com/blog/posts/referencement-local-pme,2026-04-12 22:20:17
2026-04-12,https://spilou.com/assets/images/blog/google-my-business-ajouter-categories.svg,image/svg+xml,200,OK,Indexable,,,0,0,,0,0,,0,,0,,0,,0,,,,,,,,,,438,438,438,0.168,,0,,,,,0.000,4,3,,0,0,0,0.000,0,0,0,0,0,0,,,,,,0.128,,,,,,1.1,,,,,,https://spilou.com/assets/images/blog/google-my-business-ajouter-categories.svg,2026-04-12 22:20:17
2026-04-12,https://spilou.com/blog/posts/demander-avis-google,text/html,301,Moved Permanently,Non-Indexable,Redirected,,0,0,,0,0,,0,,0,,0,,0,,,,,,,,,,98,98,98,0.038,,0,,,,,0.000,4,2,,2,2,0,4.550,0,0,0,0,0,0,,,,,,0.256,,https://spilou.com/blog/posts/demander-avis-google/,HTTP Redirect,,,1.1,,,,,,https://spilou.com/blog/posts/demander-avis-google,2026-04-12 22:20:17
2026-04-12,https://spilou.com/blog/posts/erreurs-referencement-local,text/html,301,Moved Permanently,Non-Indexable,Redirected,,0,0,,0,0,,0,,0,,0,,0,,,,,,,,,,98,98,98,0.038,,0,,,,,0.000,4,2,,2,2,0,4.550,0,0,0,0,0,0,,,,,,0.291,,https://spilou.com/blog/posts/erreurs-referencement-local/,HTTP Redirect,,,1.1,,,,,,https://spilou.com/blog/posts/erreurs-referencement-local,2026-04-12 22:20:17
2026-04-12,https://spilou.com/blog/posts/ameliorer-referencement-google-my-business/,text/html; charset=UTF-8,200,OK,Indexable,,Comment améliorer le référencement de Google my Business ?,58,565,Découvrez les meilleures astuces SEO pour optimiser votre référencement Google My Business et attirer plus de clients. Améliorez votre visibilité en seulement quelques étapes !,176,1077,,0,Comment améliorer le référencement de Google my Business ?,58,Comprendre l’importance de Google my Business,45,Conseils pour optimiser sa fiche Google my Business,51,,,,https://spilou.com/blog/posts/ameliorer-referencement-google-my-business/,,,,,,44211,12986,12986,4.975,,1415,181,7.818,54.871,Fairly Hard,22.586,5,3,,25,17,0,38.640,38,22,0,6,6,0,,,,,7d86b06a9884140a80540263503e0135,0.136,,,,,fr,1.1,,,,,,https://spilou.com/blog/posts/ameliorer-referencement-google-my-business/,2026-04-12 22:20:17
2026-04-12,https://spilou.com/blog/posts/acheter-avis-google/,text/html; charset=UTF-8,200,OK,Indexable,,Acheter des avis Google,23,216,Achetez des avis Google pour booster votre réputation en ligne et attirer plus de clients. Améliorez votre visibilité et gagnez en crédibilité avec nos services SEO.,165,975,,0,Acheter des avis Google,23,Pourquoi avoir des avis Google ?,32,Les risques liés à l’achat d’avis Google,40,,,,https://spilou.com/blog/posts/acheter-avis-google/,,,,,,42043,12952,12952,4.962,,1290,170,7.588,60.559,Normal,20.748,5,3,,14,8,0,18.180,38,18,0,6,6,0,,,,,b8918e84023327ea28062ac53b4e2997,0.116,,,,,fr,1.1,,,,,,https://spilou.com/blog/posts/acheter-avis-google/,2026-04-12 22:20:17
2026-04-12,https://spilou.com/blog/posts/referencement-local-pme/,text/html; charset=UTF-8,200,OK,Indexable,,Référencement local pour les PME,32,307,Découvrez comment optimiser le référencement local de votre PME avec notre guide complet. Améliorez votre visibilité en ligne et attirez plus de clients locaux.,160,970,,0,Référencement local pour les PME,32,Optimiser son site web pour le référencement local,50,Créer et gérer sa fiche Google My Business,42,,,,https://spilou.com/blog/posts/referencement-local-pme/,,,,,,49649,15041,15041,5.762,,2071,280,7.396,54.597,Fairly Hard,29.287,5,3,,11,6,0,13.640,32,15,0,6,6,0,,,,,545b0349636a6e0a8d49cfc35f7ed14e,0.141,,,,,fr,1.1,,,,,,https://spilou.com/blog/posts/referencement-local-pme/,2026-04-12 22:20:17
2026-04-12,https://spilou.com/blog/posts/demander-avis-google/,text/html; charset=UTF-8,200,OK,Indexable,,Comment demander des avis Google à vos clients,46,447,Découvrez comment demander des avis Google à vos clients et améliorer votre visibilité en ligne. Boostez votre réputation grâce à nos conseils pratiques.,153,940,,0,Comment demander des avis Google à vos clients,46,Introduction aux avis Google,28,Étape 1 : Comprendre l’importance des avis Google,49,,,,https://spilou.com/blog/posts/demander-avis-google/,,,,,,43340,13061,13061,5.003,,1375,180,7.639,65.875,Normal,21.124,5,3,,24,13,0,29.550,39,20,0,6,6,0,,,,,5f826769ad9732b8072adb31c1350384,0.073,,,,,fr,1.1,,,,,,https://spilou.com/blog/posts/demander-avis-google/,2026-04-12 22:20:17
2026-04-12,https://spilou.com/blog/posts/erreurs-referencement-local/,text/html; charset=UTF-8,200,OK,Indexable,,Les erreurs à éviter pour un référencement local efficace,57,507,Évitez les erreurs pour un référencement local efficace. Astuces pour optimiser votre visibilité locale et attirer plus de clients. Suivez nos conseils pour un succès garanti.,175,1029,,0,Les erreurs à éviter pour un référencement local efficace,57,Erreur 1 : ajouter des informations inexactes sur votre fiche d’entreprise,74,Erreur 2 : négliger l’importance des avis et évaluations en ligne,65,,,,https://spilou.com/blog/posts/erreurs-referencement-local/,,,,,,48138,14429,14429,5.527,,1993,265,7.521,53.475,Fairly Hard,29.256,5,3,,8,2,0,4.550,34,17,0,6,6,0,,,,,f764323415493fc57421b96de74866bc,0.051,,,,,fr,1.1,,,,,,https://spilou.com/blog/posts/erreurs-referencement-local/,2026-04-12 22:20:17
2026-04-12,https://spilou.com/blog/posts/signaler-un-avis-google/,text/html; charset=UTF-8,200,OK,Indexable,,Signaler un avis Google,23,209,Apprenez comment signaler un avis Google inapproprié et protégez la réputation de votre entreprise en seulement quelques étapes simples. Évitez les avis trompeurs et nuisibles dès maintenant.,191,1189,,0,Signaler un avis Google,23,Évaluation et identification des avis problématiques,52,Comment signaler un avis sur Google ?,37,,,,https://spilou.com/blog/posts/signaler-un-avis-google/,,,,,,41464,12553,12553,4.809,,1206,157,7.682,63.720,Normal,19.337,5,3,,16,9,0,20.450,38,20,0,6,6,0,,,,,bacda7cc335d36facbdb4013899d1b2d,0.060,,,,,fr,1.1,,,,,,https://spilou.com/blog/posts/signaler-un-avis-google/,2026-04-12 22:20:17
2026-04-12,https://spilou.com/blog/posts/avis-google/,text/html; charset=UTF-8,200,OK,Indexable,,Avis Google : booster votre entreprise,38,336,Optimisez votre présence en ligne avec les avis Google et donnez un coup de pouce à votre entreprise. Découvrez comment booster votre visibilité et gagner la confiance de vos clients.,183,1122,,0,Avis Google : booster votre entreprise,38,Pourquoi les avis Google sont-ils si importants ?,49,Comment gérer et optimiser les avis Google de votre entreprise ?,64,,,,https://spilou.com/blog/posts/avis-google/,,,,,,40870,12665,12665,4.852,,1183,157,7.535,62.883,Normal,19.780,5,3,,21,15,0,34.090,29,14,0,6,6,0,,,,,1718918ab0704050661a03a0f43ff314,0.056,,,,,fr,1.1,,,,,,https://spilou.com/blog/posts/avis-google/,2026-04-12 22:20:18
2026-04-12,https://spilou.com/blog/posts/services-fiche-google-my-business/,text/html; charset=UTF-8,200,OK,Indexable,,Ajoutez des services à votre fiche GMB,38,348,Optimisez votre visibilité en ligne en ajoutant des services à votre fiche GMB. Boostez votre présence locale et attirez de nouveaux clients. Découvrez comment dès maintenant !,176,1079,,0,Ajoutez des services à votre fiche GMB,38,Pourquoi ajouter des services à votre fiche Google My Business ?,64,Comment ajouter des services à votre fiche Google My Business ?,63,,,,https://spilou.com/blog/posts/services-fiche-google-my-business/,,,,,,43126,12865,12865,4.928,,1357,164,8.274,62.029,Normal,21.455,5,3,,20,13,0,29.550,37,21,0,5,5,0,,,,,ef6a80bef2d5272f3668b5640aed0e0e,0.047,,,,,fr,1.1,,,,,,https://spilou.com/blog/posts/services-fiche-google-my-business/,2026-04-12 22:20:18
2026-04-12,https://spilou.com/blog/posts/afficher-option-vente-a-emporter/,text/html; charset=UTF-8,200,OK,Indexable,,Afficher l'option vente à emporter dans ma fiche Google établissement,69,631,Boostez vos ventes avec l'option vente à emporter affichée dans votre fiche Google établissement. Attirez plus de clients et augmentez votre visibilité en ligne. Découvrez comment l'activer dès maintenant !,206,1254,,0,Afficher l'option vente à emporter dans ma fiche Google établissement,69,Qu’est-ce que Google My Business ?,34,Comment créer un compte Google My Business ?,44,,,,https://spilou.com/blog/posts/afficher-option-vente-a-emporter/,,,,,,44047,12744,12744,4.882,,1498,174,8.609,74.020,Fairly Easy,21.668,5,3,,15,10,0,22.730,35,19,0,6,6,0,,,,,165bbf77b47044fa488804d738136db1,0.051,,,,,fr,1.1,,,,,,https://spilou.com/blog/posts/afficher-option-vente-a-emporter/,2026-04-12 22:20:18
2026-04-12,https://spilou.com/blog/posts/augmenter-visibilite-web/,text/html; charset=UTF-8,200,OK,Indexable,,Comment augmenter sa visibilité web ?,37,353,Découvrez des conseils pour améliorer votre visibilité en ligne et attirer plus de visiteurs sur votre site web. Boostez votre présence sur internet dès maintenant !,165,976,,0,Comment augmenter sa visibilité web ?,37,Pourquoi augmenter sa visibilité sur internet ?,47,Les outils pour augmenter ma visibilité web,43,,,,https://spilou.com/blog/posts/augmenter-visibilite-web/,,,,,,39765,12166,12166,4.661,,1109,164,6.762,65.710,Normal,18.592,5,3,,19,14,0,31.820,26,12,0,5,5,0,,,,,a14a4cc65e22c5f6c171d295cdd78bea,0.049,,,,,fr,1.1,,,,,,https://spilou.com/blog/posts/augmenter-visibilite-web/,2026-04-12 22:20:18
2026-04-12,https://spilou.com/blog/posts/ajouter-des-photos-google-my-business/,text/html; charset=UTF-8,200,OK,Indexable,,Ajouter des photos à votre profil Google My Business,52,470,Découvrez comment ajouter des photos à votre profil Google My Business et améliorez votre visibilité en ligne. Optimisez votre présence sur Google avec des images attractives.,175,1082,,0,Ajouter des photos à votre profil Google My Business,52,Pourquoi ajouter des photos à votre profil Google My Business ?,63,Quelles photos ajouter à votre profil Google My Business ?,58,,,,https://spilou.com/blog/posts/ajouter-des-photos-google-my-business/,,,,,,42548,12592,12592,4.824,,1341,175,7.663,68.025,Normal,20.645,5,3,,21,13,0,29.550,34,19,0,6,6,0,,,,,e456be4053418f04053adc862b87f00b,0.060,,,,,fr,1.1,,,,,,https://spilou.com/blog/posts/ajouter-des-photos-google-my-business/,2026-04-12 22:20:18
2026-04-12,https://spilou.com/blog/posts/resoudre-la-suspension-compte-google/,text/html; charset=UTF-8,200,OK,Indexable,,Résoudre la suspension de votre compte Google,45,430,"Découvrez comment résoudre la suspension de votre compte Google et retrouvez l'accès à tous vos services en quelques étapes simples. Ne perdez plus de temps, trouvez la solution dès maintenant !",194,1221,,0,Résoudre la suspension de votre compte Google,45,Pourquoi votre compte Google a-t-il été suspendu ?,50,Comment réactiver un compte Google suspendu,43,,,,https://spilou.com/blog/posts/resoudre-la-suspension-compte-google/,,,,,,41577,12328,12328,4.723,,1125,154,7.305,63.007,Normal,18.758,5,3,,17,12,0,27.270,36,21,0,5,5,0,,,,,1c23d7d6fff1562c3556aa4206fdd7de,0.058,,,,,fr,1.1,,,,,,https://spilou.com/blog/posts/resoudre-la-suspension-compte-google/,2026-04-12 22:20:18
2026-04-12,https://spilou.com/blog/posts/compte-google-my-business/,text/html; charset=UTF-8,200,OK,Indexable,,Accéder à votre compte Google My Business,41,397,Découvrez comment accéder facilement à votre compte Google My Business et optimiser votre présence en ligne. Gérez vos informations professionnelles en toute simplicité.,169,1065,,0,Accéder à votre compte Google My Business,41,Créer un compte Google My Business,34,Accéder à votre compte Google My Business depuis un ordinateur,62,,,,https://spilou.com/blog/posts/compte-google-my-business/,,,,,,41273,12251,12251,4.693,,1132,152,7.447,61.614,Normal,18.868,5,3,,32,24,0,54.550,36,21,0,6,6,0,,,,,4941dfd8115c58e45af09ce89d8a7a3f,0.058,,,,,fr,1.1,,,,,,https://spilou.com/blog/posts/compte-google-my-business/,2026-04-12 22:20:18
2026-04-12,https://spilou.com/blog/posts/enlever-compte-google-sans-le-supprimer/,text/html; charset=UTF-8,200,OK,Indexable,,Enlever un compte Google sans le supprimer,42,398,Découvrez comment supprimer votre compte Google sans le supprimer définitivement. Suivez nos conseils pour une désactivation sécurisée et préservez vos données en ligne.,169,1073,,0,Enlever un compte Google sans le supprimer,42,Étape 1 : Accéder aux paramètres de votre appareil,50,Étape 2 : Accéder aux paramètres des comptes,44,,,,https://spilou.com/blog/posts/enlever-compte-google-sans-le-supprimer/,,,,,,41091,12162,12162,4.659,,1056,138,7.652,69.604,Normal,17.703,5,3,,19,12,0,27.270,36,19,0,6,6,0,,,,,f3ee183c801be5b94d9c7b17bcbbaff1,0.065,,,,,fr,1.1,,,,,,https://spilou.com/blog/posts/enlever-compte-google-sans-le-supprimer/,2026-04-12 22:20:18
2026-04-12,https://spilou.com/blog/posts/repondre-avis-google/,text/html; charset=UTF-8,200,OK,Indexable,,Répondre aux avis Google de vos clients,39,358,Découvrez comment répondre aux avis Google de vos clients de manière efficace pour améliorer votre réputation en ligne. Gagnez en visibilité et fidélisez votre clientèle.,170,1027,,0,Répondre aux avis Google de vos clients,39,1. Pourquoi est-il important de répondre aux avis Google ?,58,2. Comment se connecter à Google My Business pour répondre aux avis ?,69,,,,https://spilou.com/blog/posts/repondre-avis-google/,,,,,,42848,12702,12702,4.866,,1257,179,7.022,72.774,Fairly Easy,19.556,5,3,,31,17,0,38.640,38,19,0,8,8,0,,,,,1a564f0a737f342f293db8820c7fcb1b,0.071,,,,,fr,1.1,,,,,,https://spilou.com/blog/posts/repondre-avis-google/,2026-04-12 22:20:18
2026-04-12,https://spilou.com/blog/posts/questions-reponses/,text/html; charset=UTF-8,200,OK,Indexable,,Optimisez votre fiche Google My Business avec les questions-réponses,68,633,Optimisez votre fiche Google My Business avec les questions-réponses pour une meilleure visibilité en ligne.,108,657,,0,Optimisez votre fiche Google My Business avec les questions-réponses,68,Pourquoi ajouter des questions et réponses à votre fiche Google My Business ?,77,Comment ajouter des questions et réponses à sa fiche Google My Business,71,,,,https://spilou.com/blog/posts/questions-reponses/,,,,,,42329,12186,12186,4.668,,1201,160,7.506,55.939,Fairly Hard,20.172,5,3,,16,11,0,25.000,38,23,0,6,6,0,,,,,6eb981c39e992217d973696a8a139a9f,0.058,,,,,fr,1.1,,,,,,https://spilou.com/blog/posts/questions-reponses/,2026-04-12 22:20:18
2026-04-12,https://spilou.com/blog/posts/fiche-google-my-business/,text/html; charset=UTF-8,200,OK,Indexable,,Fiche Google My Business,24,232,"Optimisez votre présence en ligne avec Google My Business. Obtenez une fiche professionnelle complète, attirez de nouveaux clients et améliorez votre visibilité sur le moteur de recherche le plus utilisé.",204,1228,,0,Fiche Google My Business,24,Qu’est-ce que Google My Business ?,34,Comment créer et optimiser votre fiche Google My Business ?,59,,,,https://spilou.com/blog/posts/fiche-google-my-business/,,,,,,44081,13156,13156,5.040,,1407,182,7.731,60.454,Normal,22.340,5,3,,26,17,0,38.640,39,19,0,6,6,0,,,,,60112add9bc44cd95707f884c8c45f55,0.058,,,,,fr,1.1,,,,,,https://spilou.com/blog/posts/fiche-google-my-business/,2026-04-12 22:20:18
2026-04-12,https://spilou.com/blog/posts/repondre-avis-positifs/,text/html; charset=UTF-8,200,OK,Indexable,,Répondre aux avis clients positifs : exemples concrets,54,482,Découvrez des exemples concrets pour répondre aux avis clients positifs et améliorer votre SEO. Gagnez en crédibilité et fidélisez votre clientèle.,147,880,,0,Répondre aux avis clients positifs : exemples concrets,54,Répondre aux avis clients positifs : pourquoi est-ce important ?,64,Comment structurer une réponse à un avis client positif ?,57,,,,https://spilou.com/blog/posts/repondre-avis-positifs/,,,,,,41401,12239,12239,4.689,,1226,169,7.254,72.986,Fairly Easy,19.834,5,3,,11,5,0,11.360,28,12,0,6,6,0,,,,,aaf5f634e8681a6c73ae9da5be5486fe,0.077,,,,,fr,1.1,,,,,,https://spilou.com/blog/posts/repondre-avis-positifs/,2026-04-12 22:20:18
2026-04-12,https://spilou.com/blog/posts/supprimer-avis-google/,text/html; charset=UTF-8,200,OK,Indexable,,Comment supprimer un avis Google rapidement,43,429,Découvrez comment supprimer rapidement un avis Google grâce à nos conseils SEO efficaces. Gérez votre e-réputation en toute simplicité.,135,853,,0,Comment supprimer un avis Google rapidement,43,Étapes pour supprimer un avis Google sur votre propre compte,60,Demander la suppression d’un avis Google inapproprié,52,,,,https://spilou.com/blog/posts/supprimer-avis-google/,,,,,,41985,12559,12559,4.811,,1252,163,7.681,62.611,Normal,20.194,5,3,,15,8,0,18.180,37,19,0,7,7,0,,,,,fcb24580c19092cb199d7893816acecc,0.063,,,,,fr,1.1,,,,,,https://spilou.com/blog/posts/supprimer-avis-google/,2026-04-12 22:20:18
2026-04-12,https://spilou.com/blog/posts/supprimer-photos-fiche-google-my-business/,text/html; charset=UTF-8,200,OK,Indexable,,Supprimer des photos de votre fiche Google My Business,54,507,Découvrez comment supprimer facilement les photos indésirables de votre fiche Google My Business pour améliorer votre visibilité en ligne. Suivez nos conseils SEO pour une gestion efficace de votre image de marque.,214,1330,,0,Supprimer des photos de votre fiche Google My Business,54,Accéder à votre compte Google My Business,41,Repérer et sélectionner les photos à supprimer,46,,,,https://spilou.com/blog/posts/supprimer-photos-fiche-google-my-business/,,,,,,41245,12251,12251,4.693,,1152,146,7.890,64.142,Normal,18.889,5,3,,15,10,0,22.730,34,18,0,6,6,0,,,,,9bf51df788a62b8c1066b9248650a7b9,0.058,,,,,fr,1.1,,,,,,https://spilou.com/blog/posts/supprimer-photos-fiche-google-my-business/,2026-04-12 22:20:18
2026-04-12,https://spilou.com/blog/posts/modifier-horaires-ouverture-google-my-business/,text/html; charset=UTF-8,200,OK,Indexable,,Modifier les horaires d'ouverture sur Google My Business,56,505,Découvrez comment modifier les horaires d'ouverture sur Google My Business pour améliorer votre visibilité en ligne. Gérez facilement vos horaires et attirez plus de clients.,174,1051,,0,Modifier les horaires d'ouverture sur Google My Business,56,Pourquoi mettre à jour les horaires d’ouverture sur Google My Business ?,72,Comment accéder à votre fiche Google My Business,48,,,,https://spilou.com/blog/posts/modifier-horaires-ouverture-google-my-business/,,,,,,43909,12274,12274,4.702,,1301,162,8.031,61.087,Normal,20.393,5,3,,19,13,0,29.550,37,21,0,6,6,0,,,,,18482cd5d17053363364fa68c415a65f,0.055,,,,,fr,1.1,,,,,,https://spilou.com/blog/posts/modifier-horaires-ouverture-google-my-business/,2026-04-12 22:20:18
2026-04-12,https://spilou.com/blog/posts/attributs-google-my-business/,text/html; charset=UTF-8,200,OK,Indexable,,Ajoutes des attributs à ma fiche établissement,46,418,Optimisez votre fiche établissement avec des attributs pour améliorer votre visibilité en ligne. Découvrez comment les ajouter et maximisez votre potentiel SEO.,160,974,,0,Ajoutes des attributs à ma fiche établissement,46,Pourquoi ajouter des attributs à sa fiche Google My Business ?,62,Quels sont les différents attributs disponibles ?,49,,,,https://spilou.com/blog/posts/attributs-google-my-business/,,,,,,43323,12551,12551,4.808,,1360,179,7.598,57.729,Fairly Hard,21.992,5,3,,16,11,0,25.000,37,22,0,5,5,0,,,,,6fc7ac77bb698b8d9cd65d98e34e44f8,0.059,,,,,fr,1.1,,,,,,https://spilou.com/blog/posts/attributs-google-my-business/,2026-04-12 22:20:18
2026-04-12,https://spilou.com/blog/posts/google-my-business-ajouter-categories/,text/html; charset=UTF-8,200,OK,Indexable,,Ajouter des catégorie sur ma fiche Google My Business,53,491,Découvrez comment ajouter des catégories à votre fiche Google My Business pour améliorer votre visibilité en ligne. Maximisez votre présence sur les moteurs de recherche avec cette astuce simple.,195,1209,,0,Ajouter des catégorie sur ma fiche Google My Business,53,Pourquoi ajouter des catégories à sa fiche Google My Business ?,63,Comment choisir les bonnes catégories pour sa fiche Google My Business ?,72,,,,https://spilou.com/blog/posts/google-my-business-ajouter-categories/,,,,,,42110,12172,12172,4.663,,1137,150,7.580,63.350,Normal,18.822,5,3,,16,11,0,25.000,38,22,0,5,5,0,,,,,fc6f3bf8a42109f099326be88e8c53db,0.057,,,,,fr,1.1,,,,,,https://spilou.com/blog/posts/google-my-business-ajouter-categories/,2026-04-12 22:20:18
2026-04-12,https://spilou.com/blog/posts/ajouter-votre-entreprise-sur-google-my-business/,text/html; charset=UTF-8,200,OK,Indexable,,Ajouter votre entreprise sur Google My Business,47,429,Découvrez comment ajouter votre entreprise sur Google My Business et augmentez votre visibilité en ligne. Suivez nos conseils pour optimiser votre présence sur le moteur de recherche le plus utilisé au monde.,208,1279,,0,Ajouter votre entreprise sur Google My Business,47,Création d’un compte professionnel Google,41,Ajout de votre entreprise,25,,,,https://spilou.com/blog/posts/ajouter-votre-entreprise-sur-google-my-business/,,,,,,41607,12516,12516,4.795,,1141,148,7.709,62.137,Normal,18.575,5,3,,20,14,0,31.820,40,21,0,6,6,0,,,,,164c163b7cd2683d134f9b32dfb96f00,0.060,,,,,fr,1.1,,,,,,https://spilou.com/blog/posts/ajouter-votre-entreprise-sur-google-my-business/,2026-04-12 22:20:19
2026-04-12,https://spilou.com/blog/posts/ajouter-des-videos-google-my-business/,text/html; charset=UTF-8,200,OK,Indexable,,Ajouter des vidéos à votre profil Google My Business,52,467,Découvrez comment ajouter des vidéos à votre profil Google My Business pour améliorer votre visibilité en ligne. Boostez votre présence et attirez de nouveaux clients avec des contenus vidéo percutants.,202,1245,,0,Ajouter des vidéos à votre profil Google My Business,52,Pourquoi intégrer des vidéos dans votre profil Google My Business ?,67,Étapes pour ajouter des vidéos à votre fiche Google My Business,63,,,,https://spilou.com/blog/posts/ajouter-des-videos-google-my-business/,,,,,,42323,12560,12560,4.811,,1172,158,7.418,62.950,Normal,18.571,5,3,,16,12,0,27.270,35,20,0,6,6,0,,,,,9cb2fd2791f988ccae49592964fec2d2,0.056,,,,,fr,1.1,,,,,,https://spilou.com/blog/posts/ajouter-des-videos-google-my-business/,2026-04-12 22:20:19
2026-04-12,https://spilou.com/blog/posts/optimisation-fiche-google-my-business/,text/html; charset=UTF-8,200,OK,Indexable,,Optimiser votre fiche Google My Business,40,372,Optimisez votre fiche Google My Business pour améliorer votre visibilité en ligne. Suivez nos conseils pour maximiser votre présence sur le moteur de recherche.,160,977,,0,Optimiser votre fiche Google My Business,40,Créez et complétez votre fiche Google My Business avec des informations précises,80,Améliorez votre fiche avec des éléments visuels et du contenu de qualité,72,,,,https://spilou.com/blog/posts/optimisation-fiche-google-my-business/,,,,,,44112,13054,13054,5.001,,1331,175,7.606,58.200,Fairly Hard,21.282,5,3,,23,16,0,36.360,45,28,0,6,6,0,,,,,860ee72b79ee91bb62b12c75852d6cea,0.060,,,,,fr,1.1,,,,,,https://spilou.com/blog/posts/optimisation-fiche-google-my-business/,2026-04-12 22:20:19
2026-04-12,https://spilou.com/blog/posts/repondre-avis-negatifs/,text/html; charset=UTF-8,200,OK,Indexable,,Exemple de réponses aux avis négatifs Google,44,415,Trouvez des exemples de réponses aux avis négatifs sur Google pour améliorer votre réputation en ligne et gérer efficacement les commentaires négatifs. Boostez votre SEO dès maintenant!,185,1164,,0,Exemple de réponses aux avis négatifs Google,44,Comprendre l’importance des avis sur Google,43,Analyser les avis négatifs pour améliorer son offre,51,,,,https://spilou.com/blog/posts/repondre-avis-negatifs/,,,,,,41911,12846,12846,4.921,,1238,167,7.413,64.962,Normal,20.153,5,3,,12,4,0,9.090,30,12,0,6,6,0,,,,,9c8df646444d610d832a81fd7d1f9e66,0.055,,,,,fr,1.1,,,,,,https://spilou.com/blog/posts/repondre-avis-negatifs/,2026-04-12 22:20:19
2026-04-12,https://spilou.com/blog/posts/modifier-avis-google/,text/html; charset=UTF-8,200,OK,Indexable,,Modifier un avis Google,23,210,Découvrez comment modifier votre avis Google en quelques étapes simples pour améliorer votre visibilité en ligne. Prenez le contrôle de votre réputation avec nos conseils SEO.,175,1075,,0,Modifier un avis Google,23,Comprendre les avantages des avis Google,40,Identifier les avis qui nécessitent des modifications,53,,,,https://spilou.com/blog/posts/modifier-avis-google/,,,,,,41459,12704,12704,4.867,,1209,164,7.372,63.950,Normal,19.652,5,3,,15,8,0,18.180,34,18,0,6,6,0,,,,,2e41d86f68fe7210ac44792b1fc654f9,0.062,,,,,fr,1.1,,,,,,https://spilou.com/blog/posts/modifier-avis-google/,2026-04-12 22:20:19
2026-04-12,https://spilou.com/blog/posts/voir-ses-avis-google/,text/html; charset=UTF-8,200,OK,Indexable,,Voir ses avis Google : le guide complet,39,344,Découvrez comment consulter et gérer vos avis Google avec notre guide complet. Optimisez votre présence en ligne en seulement quelques étapes.,142,902,,0,Voir ses avis Google : le guide complet,39,Pourquoi suivre vos avis Google est important pour votre entreprise,67,Comment voir ses avis Google directement sur Google Maps,56,,,,https://spilou.com/blog/posts/voir-ses-avis-google/,,,,,,41943,12557,12557,4.810,,1221,151,8.086,64.487,Normal,19.604,5,3,,20,9,0,20.450,37,20,0,7,7,0,,,,,14752265427c11a3ce86403fa350cf6d,0.087,,,,,fr,1.1,,,,,,https://spilou.com/blog/posts/voir-ses-avis-google/,2026-04-12 22:20:19
2026-04-12,https://spilou.com/blog/posts/deconnecter-un-compte-google/,text/html; charset=UTF-8,200,OK,Indexable,,Déconnecter un compte Google sur différents appareils,53,493,Découvrez comment déconnecter votre compte Google sur plusieurs appareils et protégez votre confidentialité en seulement quelques étapes simples. Gardez le contrôle de vos données en ligne.,189,1191,,0,Déconnecter un compte Google sur différents appareils,53,Étape 1 : Accéder à la page des paramètres du compte Google,59,Étape 2 : Déconnecter le compte Google sur votre appareil,57,,,,https://spilou.com/blog/posts/deconnecter-un-compte-google/,,,,,,43028,12262,12262,4.697,,1254,172,7.291,67.205,Normal,20.384,5,3,,17,12,0,27.270,35,20,0,8,7,0,,,,,3877b560d50660408fafbc83beb92e22,0.059,,,,,fr,1.1,,,,,,https://spilou.com/blog/posts/deconnecter-un-compte-google/,2026-04-12 22:20:19
2026-04-12,https://spilou.com/blog/posts/supprimer-fiche-etablissement/,text/html; charset=UTF-8,200,OK,Indexable,,Comment supprimer une fiche établissement ?,43,419,Apprenez comment supprimer facilement une fiche établissement avec nos conseils pratiques. Éliminez les informations indésirables en quelques étapes simples.,157,991,,0,Comment supprimer une fiche établissement ?,43,Supprimer une fiche établissement sur Google Business,53,Marquer un établissement comme fermé définitivement,51,,,,https://spilou.com/blog/posts/supprimer-fiche-etablissement/,,,,,,44621,13179,13179,5.049,,1492,207,7.208,58.387,Fairly Hard,23.413,5,3,,16,12,0,27.270,34,20,0,8,8,0,,,,,ff4fa769f0ba1431a37bbc533b39a8c0,0.056,,,,,fr,1.1,,,,,,https://spilou.com/blog/posts/supprimer-fiche-etablissement/,2026-04-12 22:20:19
2026-04-12,https://spilou.com/blog/posts/guide-pour-contacter-google-my-business/,text/html; charset=UTF-8,200,OK,Indexable,,Guide pour contacter Google My Business,39,371,Découvrez comment contacter Google My Business efficacement grâce à notre guide complet. Obtenez l'assistance dont vous avez besoin en seulement quelques étapes simples.,169,1095,,0,Guide pour contacter Google My Business,39,Utiliser l’aide en ligne de Google My Business,46,Contacter l’assistance par email,32,,,,https://spilou.com/blog/posts/guide-pour-contacter-google-my-business/,,,,,,41210,12325,12325,4.721,,1102,138,7.986,64.076,Normal,18.299,5,3,,17,12,0,27.270,38,21,0,6,6,0,,,,,e74ca1900c1c67a70bce7d862cac49ca,0.052,,,,,fr,1.1,,,,,,https://spilou.com/blog/posts/guide-pour-contacter-google-my-business/,2026-04-12 22:20:19
2026-04-12,https://spilou.com/blog/posts/fusionner-deux-comptes-google/,text/html; charset=UTF-8,200,OK,Indexable,,Guide pratique pour fusionner deux comptes Google,49,464,Découvrez comment fusionner deux comptes Google facilement grâce à notre guide pratique. Optimisez votre gestion en combinant vos comptes en seulement quelques étapes.,167,1087,,0,Guide pratique pour fusionner deux comptes Google,49,Étape 1 : Choisir le compte principal,37,Étape 2 : Lier les comptes,26,,,,https://spilou.com/blog/posts/fusionner-deux-comptes-google/,,,,,,43354,12759,12759,4.888,,1401,179,7.827,65.862,Normal,21.909,5,3,,17,12,0,27.270,37,22,0,5,5,0,,,,,6b741f8da5e3452d79c5d33bb4b0f625,0.072,,,,,fr,1.1,,,,,,https://spilou.com/blog/posts/fusionner-deux-comptes-google/,2026-04-12 22:20:19
2026-04-12,https://spilou.com/blog/posts/statistique-recherches-google/,text/html; charset=UTF-8,200,OK,Indexable,,Analyser les statistiques de recherche Google,45,407,Découvrez comment analyser les statistiques de recherche Google pour optimiser votre visibilité en ligne. Obtenez des informations précieuses en seulement quelques clics.,170,1052,,0,Analyser les statistiques de recherche Google,45,Comprendre le fonctionnement de l’algorithme de Google,54,Utiliser Google Analytics pour connaître les statistiques de recherche,70,,,,https://spilou.com/blog/posts/statistique-recherches-google/,,,,,,41623,12527,12527,4.799,,1181,168,7.030,60.801,Normal,19.845,5,3,,23,14,0,31.820,35,20,0,5,5,0,,,,,9624e65b20512a56e955904e089f0da5,0.055,,,,,fr,1.1,,,,,,https://spilou.com/blog/posts/statistique-recherches-google/,2026-04-12 22:20:19
2026-04-12,https://spilou.com/blog/posts/integrez-les-avis-google-sur-mon-site/,text/html; charset=UTF-8,200,OK,Indexable,,Intégrez les avis Google sur votre site,39,335,Découvrez comment intégrer les avis Google sur votre site pour améliorer votre référencement et attirer davantage de visiteurs. Maximisez votre visibilité en ligne dès maintenant !,180,1093,,0,Intégrez les avis Google sur votre site,39,Pourquoi intégrer les avis Google sur votre site ?,50,Comment intégrer les avis Google sur votre site ?,49,,,,https://spilou.com/blog/posts/integrez-les-avis-google-sur-mon-site/,,,,,,42505,12921,12921,4.950,,1326,171,7.754,64.982,Normal,20.563,5,3,,12,8,0,18.180,37,18,0,6,6,0,,,,,a6e686d6e99ceb3b9f38abb64e1cf03f,0.065,,,,,fr,1.1,,,,,,https://spilou.com/blog/posts/integrez-les-avis-google-sur-mon-site/,2026-04-12 22:20:19
2026-04-12,https://spilou.com/blog/posts/gerer-plusieurs-etablissements-google-my-business/,text/html; charset=UTF-8,200,OK,Indexable,,Gérer plusieurs établissements sur Google My Business,53,496,Découvrez comment gérer efficacement plusieurs établissements sur Google My Business pour améliorer votre visibilité en ligne. Optez pour une gestion simplifiée et optimisée de vos établissements sur la plateforme.,214,1325,,0,Gérer plusieurs établissements sur Google My Business,53,Créez un groupe pour simplifier la gestion des établissements,61,Mettez à jour régulièrement les informations des établissements,63,,,,https://spilou.com/blog/posts/gerer-plusieurs-etablissements-google-my-business/,,,,,,43061,12709,12709,4.869,,1214,167,7.269,55.692,Fairly Hard,20.165,5,3,,7,3,0,6.820,38,21,0,6,6,0,,,,,9854e7e6958a63fc1c6abaa9c54e6882,0.068,,,,,fr,1.1,,,,,,https://spilou.com/blog/posts/gerer-plusieurs-etablissements-google-my-business/,2026-04-12 22:20:19
2026-04-12,https://spilou.com/blog/posts/ajouter-produits-google-my-business/,text/html; charset=UTF-8,200,OK,Indexable,,Ajouter des produits à votre fiche Google My Business,53,480,Découvrez comment ajouter des produits à votre fiche Google My Business et améliorez votre visibilité en ligne. Optimisez votre présence sur le moteur de recherche avec cette astuce simple.,189,1163,,0,Ajouter des produits à votre fiche Google My Business,53,Créer ou accéder à votre compte Google My Business,50,Ajouter des produits à votre fiche,34,,,,https://spilou.com/blog/posts/ajouter-produits-google-my-business/,,,,,,41979,12355,12355,4.733,,1270,158,8.038,64.049,Normal,20.096,5,3,,14,10,0,22.730,33,19,0,5,5,0,,,,,2dad6cd70bac42203dc6c314fb8b6ce2,0.049,,,,,fr,1.1,,,,,,https://spilou.com/blog/posts/ajouter-produits-google-my-business/,2026-04-12 22:20:19
2026-04-12,https://spilou.com/assets/images/authors/alexis.svg,image/svg+xml,200,OK,Indexable,,,0,0,,0,0,,0,,0,,0,,0,,,,,,,,,,247,247,247,0.095,,0,,,,,0.000,6,3,,0,0,0,0.000,0,0,0,0,0,0,,,,,,0.035,,,,,,1.1,,,,,,https://spilou.com/assets/images/authors/alexis.svg,2026-04-12 22:20:23
2026-04-12,https://spilou.com/blog/tags/seo-local,text/html,301,Moved Permanently,Non-Indexable,Redirected,,0,0,,0,0,,0,,0,,0,,0,,,,,,,,,,98,98,98,0.038,,0,,,,,0.000,6,2,,37,37,0,84.090,0,0,0,0,0,0,,,,,,0.195,,https://spilou.com/blog/tags/seo-local/,HTTP Redirect,,,1.1,,,,,,https://spilou.com/blog/tags/seo-local,2026-04-12 22:20:23
2026-04-12,https://spilou.com/blog/tags/seo-local/,text/html; charset=UTF-8,200,OK,Indexable,,SEO local | Spilou,18,154,"Agence de création de sites web sur-mesure pour professionnels. Sites vitrines, refonte et SEO. Performance Lighthouse 100/100 garantie.",136,853,,0,"Articles avec le tag ""SEO local""",32,,0,,0,,,,https://spilou.com/blog/tags/seo-local/,,,,,,30398,8571,8571,3.283,,312,44,7.091,71.111,Fairly Easy,6.453,7,3,,1,1,0,2.270,52,44,0,2,2,0,,,,,63c4f16ed3ef191c29b5f8d7c5cc3c57,0.060,,,,,fr,1.1,,,,,,https://spilou.com/blog/tags/seo-local/,2026-04-12 22:20:23
