crawl_date,Site Crawled,Start Date,Start Time,Last Modified Date,Last Modified Time,Elapsed,Report Date,Report Time,Total URLs Encountered,Total URLs Crawled,Total Internal blocked by robots.txt,Total External blocked by robots.txt,URLs Displayed,Total Internal URLs,Total External URLs,Total Internal Indexable URLs,Total Internal Non-Indexable URLs,JavaScript:All,JavaScript:Uses Old AJAX Crawling Scheme URLs,JavaScript:Uses Old AJAX Crawling Scheme Meta Fragment Tag,JavaScript:Page Title Only in Rendered HTML,JavaScript:Page Title Updated by JavaScript,JavaScript:H1 Only in Rendered HTML,JavaScript:H1 Updated by JavaScript,JavaScript:Meta Description Only in Rendered HTML,JavaScript:Meta Description Updated by JavaScript,JavaScript:Canonical Only in Rendered HTML,JavaScript:Canonical Mismatch,JavaScript:Noindex Only in Original HTML,JavaScript:Nofollow Only in Original HTML,JavaScript:Contains JavaScript Links,JavaScript:Contains JavaScript Content,JavaScript:Pages with Blocked Resources,JavaScript:Pages with JavaScript Errors,JavaScript:Pages with JavaScript Warnings,JavaScript:Pages with Chrome Issues,H1:All,H1:Missing,H1:Duplicate,H1:Over X Characters,H1:Multiple,H1:Alt Text in H1,H1:Non-Sequential,H2:All,H2:Missing,H2:Duplicate,H2:Over X Characters,H2:Multiple,H2:Non-Sequential,Internal:All,Internal:HTML,Internal:JavaScript,Internal:CSS,Internal:Images,Internal:Plugins,Internal:Media,Internal:Fonts,Internal:XML,Internal:PDF,Internal:Other,Internal:Unknown,External:All,External:HTML,External:JavaScript,External:CSS,External:Images,External:Plugins,External:Media,External:Fonts,External:XML,External:PDF,External:Other,External:Unknown,AMP:All,AMP:Non-200 Response,AMP:Missing Non-AMP Return Link,AMP:Missing Canonical to Non-AMP,AMP:Non-Indexable Canonical,AMP:Indexable,AMP:Non-Indexable,AMP:Missing <html amp> Tag,AMP:Missing/Invalid <!doctype html> Tag,AMP:Missing <head> Tag,AMP:Missing <body> Tag,AMP:Missing Canonical,AMP:Missing/Invalid <meta charset> Tag,AMP:Missing/Invalid <meta viewport> Tag,AMP:Missing/Invalid AMP Script,AMP:Missing/Invalid AMP Boilerplate,AMP:Contains Disallowed HTML,AMP:Other Validation Errors,Canonicals:All,Canonicals:Contains Canonical,Canonicals:Self Referencing,Canonicals:Canonicalised,Canonicals:Missing,Canonicals:Multiple,Canonicals:Non-Indexable Canonical,Canonicals:Multiple Conflicting,Canonicals:Canonical Is Relative,Canonicals:Unlinked,Canonicals:Invalid Attribute In Annotation,Canonicals:Contains Fragment URL,Canonicals:Outside <head>,Content:All,Content:Spelling Errors,Content:Grammar Errors,Content:Near Duplicates,Content:Semantically Similar,Content:Low Relevance Content,Content:Exact Duplicates,Content:Low Content Pages,Content:Readability Difficult,Content:Readability Very Difficult,Content:Lorem Ipsum Placeholder,Content:Soft 404 Pages,Custom Extraction:All,Custom Search:All,Custom JavaScript:All,Directives:All,Directives:Index,Directives:Noindex,Directives:Follow,Directives:Nofollow,Directives:None,Directives:NoArchive,Directives:NoSnippet,Directives:Max-Snippet,Directives:Max-Image-Preview,Directives:Max-Video-Preview,Directives:NoODP,Directives:NoYDIR,Directives:NoImageIndex,Directives:NoTranslate,Directives:Unavailable_After,Directives:Refresh,Directives:Outside <head>,Analytics:All,Analytics:Sessions Above 0,Analytics:Bounce Rate Above 70%,Analytics:No GA Data,Analytics:Non-Indexable with GA Data,Analytics:Orphan URLs,Search Console:All,Search Console:Clicks Above 0,Search Console:No Search Analytics Data,Search Console:Non-Indexable with Search Analytics Data,Search Console:Orphan URLs,Search Console:URL is Not on Google,Search Console:Indexable URL Not Indexed,Search Console:URL is on Google But Has Issues,Search Console:User-Declared Canonical Not Selected,Search Console:Page is Not Mobile Friendly,Search Console:AMP URL Invalid,Search Console:Rich Result Invalid,Hreflang:All,Hreflang:Contains hreflang,Hreflang:Non-200 hreflang URLs,Hreflang:Unlinked hreflang URLs,Hreflang:Missing Return Links,Hreflang:Inconsistent Language & Region Return Links,Hreflang:Non-Canonical Return Links,Hreflang:Noindex Return Links,Hreflang:Incorrect Language & Region Codes,Hreflang:Multiple Entries,Hreflang:Missing Self Reference,Hreflang:Not Using Canonical,Hreflang:Missing X-Default,Hreflang:Missing,Hreflang:Outside <head>,Images:All,Images:Over X KB,Images:Missing Alt Text,Images:Missing Alt Attribute,Images:Alt Text Over X Characters,Images:Background Images,Images:Incorrectly Sized Images,Images:Missing Size Attributes,Link Metrics:All,Meta Description:All,Meta Description:Missing,Meta Description:Duplicate,Meta Description:Over X Characters,Meta Description:Below X Characters,Meta Description:Over X Pixels,Meta Description:Below X Pixels,Meta Description:Multiple,Meta Description:Outside <head>,Meta Keywords:All,Meta Keywords:Missing,Meta Keywords:Duplicate,Meta Keywords:Multiple,PageSpeed:All,PageSpeed:Minify CSS,PageSpeed:Minify JavaScript,PageSpeed:Reduce Unused CSS,PageSpeed:Reduce Unused JavaScript,PageSpeed:Reduce JavaScript Execution Time,PageSpeed:Minimize Main-Thread Work,PageSpeed:Request Errors,PageSpeed:Layout Shift Culprits,PageSpeed:Document Request Latency,PageSpeed:Optimize DOM Size,PageSpeed:Font Display,PageSpeed:Improve Image Delivery,PageSpeed:Legacy JavaScript,PageSpeed:Render Blocking Requests,PageSpeed:Use Efficient Cache Lifetimes,PageSpeed:LCP Request Discovery,PageSpeed:Forced Reflow,PageSpeed:Avoid Enormous Network Payloads,PageSpeed:Network Dependency Tree,PageSpeed:Duplicated JavaScript,Pagination:All,Pagination:Contains Pagination,Pagination:First Page,Pagination:Paginated 2+ Pages,Pagination:Pagination URL Not in Anchor Tag,Pagination:Non-200 Pagination URLs,Pagination:Unlinked Pagination URLs,Pagination:Non-Indexable,Pagination:Multiple Pagination URLs,Pagination:Pagination Loop,Pagination:Sequence Error,Response Codes:All,Response Codes:Blocked by Robots.txt,Response Codes:Blocked Resource,Response Codes:No Response,Response Codes:Success (2xx),Response Codes:Redirection (3xx),Response Codes:Redirection (JavaScript),Response Codes:Redirection (Meta Refresh),Response Codes:Redirection (HTTP Refresh),Response Codes:Client Error (4xx),Response Codes:Server Error (5xx),Response Codes:Internal All,Response Codes:Internal Blocked by Robots.txt,Response Codes:Internal Blocked Resource,Response Codes:Internal No Response,Response Codes:Internal Success (2xx),Response Codes:Internal Redirection (3xx),Response Codes:Internal Redirection (JavaScript),Response Codes:Internal Redirection (Meta Refresh),Response Codes:Internal Redirection (HTTP Refresh),Response Codes:Internal Redirect Chain,Response Codes:Internal Redirect Loop,Response Codes:Internal Client Error (4xx),Response Codes:Internal Server Error (5xx),Response Codes:External All,Response Codes:External Blocked by Robots.txt,Response Codes:External Blocked Resource,Response Codes:External No Response,Response Codes:External Success (2xx),Response Codes:External Redirection (3xx),Response Codes:External Redirection (JavaScript),Response Codes:External Redirection (Meta Refresh),Response Codes:External Redirection (HTTP Refresh),Response Codes:External Client Error (4xx),Response Codes:External Server Error (5xx),Security:All,Security:HTTP URLs,Security:HTTPS URLs,Security:Mixed Content,Security:Form URL Insecure,Security:Form on HTTP URL,Security:Unsafe Cross-Origin Links,Security:Missing HSTS Header,Security:Bad Content Type,Security:Missing X-Content-Type-Options Header,Security:Missing X-Frame-Options Header,Security:Protocol-Relative Resource Links,Security:Missing Content-Security-Policy Header,Security:Missing Secure Referrer-Policy Header,Sitemaps:All,Sitemaps:URLs in Sitemap,Sitemaps:URLs not in Sitemap,Sitemaps:Orphan URLs,Sitemaps:Non-Indexable URLs in Sitemap,Sitemaps:URLs in Multiple Sitemaps,Sitemaps:XML Sitemap with over 50k URLs,Sitemaps:XML Sitemap over 50MB,Structured Data:All,Structured Data:Contains Structured Data,Structured Data:Missing,Structured Data:Validation Errors,Structured Data:Validation Warnings,Structured Data:Rich Result Validation Errors,Structured Data:Rich Result Validation Warnings,Structured Data:Parse Errors,Structured Data:Microdata URLs,Structured Data:JSON-LD URLs,Structured Data:RDFa URLs,Structured Data:Rich Result Feature Detected,Page Titles:All,Page Titles:Missing,Page Titles:Duplicate,Page Titles:Over X Characters,Page Titles:Below X Characters,Page Titles:Over X Pixels,Page Titles:Below X Pixels,Page Titles:Same as H1,Page Titles:Multiple,Page Titles:Outside <head>,URL:All,URL:Non ASCII Characters,URL:Underscores,URL:Uppercase,URL:Parameters,URL:Over X Characters,URL:Multiple Slashes,URL:Repetitive Path,URL:Contains Space,URL:Broken Bookmark,URL:Internal Search,URL:GA Tracking Parameters,Links:All,Links:Pages Without Internal Outlinks,Links:Internal Nofollow Outlinks,Links:Internal Outlinks With No Anchor Text,Links:Non-Descriptive Anchor Text In Internal Outlinks,Links:Pages With High External Outlinks,Links:Pages With High Internal Outlinks,Links:Follow & Nofollow Internal Inlinks To Page,Links:Internal Nofollow Inlinks Only,Links:Pages With High Crawl Depth,Links:Outlinks To Localhost,Links:Non-Indexable Page Inlinks Only,Validation:All,Validation:Invalid HTML Elements in <head>,Validation:<head> Not First In <html> Element,Validation:Missing <head> Tag,Validation:Multiple <head> Tags,Validation:Missing <body> Tag,Validation:Multiple <body> Tags,Validation:HTML Document Over XMB,Validation:Resource Over XMB,Validation:<body> Element Preceding <html>,Validation:High Carbon Rating,Mobile:All,Mobile:Viewport Not Set,Mobile:Target Size,Mobile:Content Not Sized Correctly,Mobile:Illegible Font Size,Mobile:Contains Unsupported Plugins,Mobile:Mobile Alternate Link,AI:All,Accessibility:All,Accessibility:Accessibility Score Poor,Accessibility:Accessibility Score Needs Improvement,Accessibility:Accessibility Score Good,Accessibility:Best Practice Violation,Accessibility:WCAG 2.0 A Violation,Accessibility:WCAG 2.0 AA Violation,Accessibility:WCAG 2.0 AAA Violation,Accessibility:WCAG 2.1 AA Violation,Accessibility:WCAG 2.2 AA Violation,Depth 1,Depth 2,Depth 3,Depth 4,Depth 5,Depth 6,Depth 7,Depth 8,Depth 9,Depth 10+,Top Inlinks 1 URL,Top Inlinks 1 Number of Inlinks,Top Inlinks 2 URL,Top Inlinks 2 Number of Inlinks,Top Inlinks 3 URL,Top Inlinks 3 Number of Inlinks,Top Inlinks 4 URL,Top Inlinks 4 Number of Inlinks,Top Inlinks 5 URL,Top Inlinks 5 Number of Inlinks,Top Inlinks 6 URL,Top Inlinks 6 Number of Inlinks,Top Inlinks 7 URL,Top Inlinks 7 Number of Inlinks,Top Inlinks 8 URL,Top Inlinks 8 Number of Inlinks,Top Inlinks 9 URL,Top Inlinks 9 Number of Inlinks,Top Inlinks 10 URL,Top Inlinks 10 Number of Inlinks,Top Inlinks 11 URL,Top Inlinks 11 Number of Inlinks,Top Inlinks 12 URL,Top Inlinks 12 Number of Inlinks,Top Inlinks 13 URL,Top Inlinks 13 Number of Inlinks,Top Inlinks 14 URL,Top Inlinks 14 Number of Inlinks,Top Inlinks 15 URL,Top Inlinks 15 Number of Inlinks,Top Inlinks 16 URL,Top Inlinks 16 Number of Inlinks,Top Inlinks 17 URL,Top Inlinks 17 Number of Inlinks,Top Inlinks 18 URL,Top Inlinks 18 Number of Inlinks,Top Inlinks 19 URL,Top Inlinks 19 Number of Inlinks,Top Inlinks 20 URL,Top Inlinks 20 Number of Inlinks,Response Times 0s to 1s,Response Times 1s to 2s,Response Times 2s to 3s,Response Times 3s to 4s,Response Times 4s to 5s,Response Times 5s to 6s,Response Times 6s to 7s,Response Times 7s to 8s,Response Times 8s to 9s,Response Times 10s or more,Issues Total,Issues,Warnings,Opportunities
2026-04-17,https://almapay.com/,2026-04-17,10:00:21,2026-04-17,11:47:23,02:04:49,2026-04-17,17:11:21,2150,2138,0,12,2150,568,1582,539,29,488,0,0,0,0,0,0,0,0,0,0,0,0,0,0,0,0,0,0,488,12,77,47,0,0,0,488,75,95,41,375,57,568,509,27,1,29,0,0,0,0,0,2,0,1582,285,0,1,1222,0,0,0,0,10,52,12,0,0,0,0,0,0,0,0,0,0,0,0,0,0,0,0,0,0,488,488,486,2,0,0,2,0,0,0,0,0,0,488,0,0,0,0,0,0,83,60,41,0,0,488,488,545,545,0,6,0,0,0,0,0,0,0,0,0,0,0,0,0,0,0,511,0,0,0,0,0,511,380,11,1,0,13,13,236,7,0,0,236,488,478,27,0,0,0,0,6,0,0,0,0,313,0,0,1251,431,44,44,8,0,0,1005,525,488,0,172,27,10,22,9,0,0,488,482,0,0,488,0,0,426,186,373,320,0,487,0,227,488,109,488,488,488,53,175,13,488,0,488,0,0,0,0,0,0,0,0,0,0,2150,12,0,12,1970,75,0,0,0,79,0,568,0,0,2,545,7,0,0,0,0,0,14,0,1582,12,0,10,1425,68,0,0,0,65,0,568,0,568,0,0,0,21,0,0,545,545,0,528,545,511,0,0,0,0,0,0,0,488,488,0,325,0,72,325,223,0,488,0,345,488,0,69,27,83,35,39,55,0,0,568,0,2,477,4,2,0,0,3,0,0,2,488,1,3,480,4,117,0,0,0,0,0,0,568,0,0,0,0,1,0,0,0,0,0,488,0,0,0,0,0,0,545,488,0,0,0,0,0,0,0,0,0,1,24,139,110,208,6,0,0,0,0,https://almapay.com/,482,https://almapay.com/pt-PT,396,https://almapay.com/fr-LU,384,https://almapay.com/nl-BE,382,https://almapay.com/fr-BE,381,https://almapay.com/de-DE,370,https://almapay.com/nl-NL,368,https://almapay.com/es-ES,368,https://almapay.com/fr-FR,319,https://almapay.com/it-IT,313,https://almapay.com/fr-FR/legal/politique-de-confidentialite,273,https://almapay.com/fr-FR/legal/mentions-legales,272,https://almapay.com/fr-FR/clients,270,https://almapay.com/fr-FR/demo,269,https://almapay.com/fr-FR/produits/le-paiement-en-2-3-ou-4-fois,269,https://almapay.com/fr-FR/tarifs,269,https://almapay.com/fr-FR/solutions/en-boutique,269,https://almapay.com/fr-FR/solutions/en-ligne,269,https://almapay.com/fr-FR/produits/pay-later,268,https://almapay.com/fr-FR/nous-contacter,268,335,82,58,32,13,16,6,5,1,5,81,15,25,41
2026-04-27,https://almapay.com/,2026-04-27,08:07:30,2026-04-27,08:19:27,00:11:56,2026-04-27,08:20:12,2351,2337,0,14,2351,692,1659,626,66,593,0,0,0,0,0,0,0,0,0,0,0,0,0,0,0,0,0,0,593,42,104,48,0,0,0,593,130,105,46,402,60,692,632,28,1,29,0,0,0,2,0,0,0,1659,300,0,1,1272,0,0,0,0,12,60,14,0,0,0,0,0,0,0,0,0,0,0,0,0,0,0,0,0,0,593,593,589,4,0,0,2,0,0,0,0,0,0,593,0,0,0,0,0,0,141,72,44,0,0,593,593,653,653,0,25,0,0,0,0,0,0,0,0,0,0,0,0,0,0,0,632,0,0,0,0,0,632,406,34,0,0,29,29,287,13,0,0,287,593,580,18,0,32,0,0,25,0,0,32,0,374,0,0,1301,461,45,44,11,0,0,1049,646,593,0,244,29,10,30,9,0,0,593,566,0,0,593,0,0,179,125,190,179,0,205,0,173,209,82,209,209,209,30,128,11,229,0,593,0,0,0,0,0,0,0,0,0,0,2351,14,0,11,2132,95,0,0,0,96,0,692,0,0,0,653,23,0,0,0,0,0,16,0,1659,14,0,11,1479,72,0,0,0,80,0,692,0,692,0,0,0,23,0,0,653,653,0,636,653,634,0,0,0,0,0,0,0,593,593,0,331,0,74,331,306,0,593,0,351,593,0,127,30,96,39,40,62,0,0,692,0,2,582,5,2,0,0,3,0,0,2,593,0,3,589,4,134,0,0,0,0,0,0,692,0,0,0,0,0,0,0,0,0,0,593,0,0,0,0,0,0,653,593,0,0,0,0,0,0,0,0,0,1,24,140,110,210,6,0,0,0,0,https://almapay.com/,589,https://almapay.com/pt-PT,483,https://almapay.com/nl-BE,476,https://almapay.com/fr-LU,471,https://almapay.com/fr-BE,467,https://almapay.com/de-DE,446,https://almapay.com/es-ES,444,https://almapay.com/nl-NL,444,https://almapay.com/fr-FR,377,https://almapay.com/it-IT,375,https://almapay.com/fr-FR/legal/politique-de-confidentialite,295,https://almapay.com/fr-FR/legal/mentions-legales,295,https://almapay.com/fr-FR/clients,291,https://almapay.com/fr-FR/tarifs,291,https://almapay.com/fr-FR/demo,290,https://almapay.com/fr-FR/produits/le-paiement-en-2-3-ou-4-fois,290,https://almapay.com/fr-FR/nous-contacter,290,https://almapay.com/fr-FR/blog,290,https://almapay.com/fr-FR/solutions/en-boutique,289,https://almapay.com/fr-FR/produits/pay-later,289,690,2,0,0,0,0,0,0,0,0,79,14,24,41
2026-05-03,https://almapay.com/,2026-05-03,23:57:24,2026-05-04,00:01:28,00:04:00,2026-05-04,00:01:31,2360,2347,0,13,2360,698,1662,633,65,600,0,0,0,0,0,0,0,0,0,0,0,0,0,0,0,0,0,0,600,42,104,48,0,0,0,600,130,107,46,409,60,698,638,28,1,29,0,0,0,2,0,0,0,1662,300,0,1,1272,0,0,0,0,12,64,13,0,0,0,0,0,0,0,0,0,0,0,0,0,0,0,0,0,0,600,600,596,4,0,0,2,0,0,0,0,0,0,600,0,0,0,0,0,0,141,78,44,0,0,600,600,660,660,0,25,0,0,0,0,0,0,0,0,0,0,0,0,0,0,0,638,0,0,0,0,0,638,0,0,0,0,0,0,0,0,0,0,0,600,587,18,0,32,0,0,25,0,0,32,0,381,13,0,1301,461,21,44,11,0,0,1049,652,600,0,244,29,10,30,9,0,0,600,573,0,0,600,0,0,0,0,0,0,0,0,0,0,0,0,0,0,0,0,0,0,0,0,600,0,0,0,0,0,0,0,0,0,0,2360,13,0,16,2135,96,0,0,0,96,2,698,0,0,0,660,23,0,0,0,0,0,15,0,1662,13,0,16,1475,73,0,0,0,81,2,698,0,698,0,0,0,23,0,0,660,660,0,643,660,640,588,10,81,24,0,0,0,600,600,0,338,0,79,338,313,0,600,0,358,600,0,127,30,96,40,40,63,0,0,698,0,2,588,5,2,0,0,2,0,0,2,600,0,3,596,4,136,0,1,0,303,0,0,698,0,0,0,0,0,0,0,0,0,0,600,0,0,0,0,0,0,660,600,0,0,0,0,0,0,0,0,0,1,24,140,111,216,6,0,0,0,0,https://almapay.com/,596,https://almapay.com/pt-PT,490,https://almapay.com/nl-BE,482,https://almapay.com/fr-LU,478,https://almapay.com/fr-BE,474,https://almapay.com/de-DE,453,https://almapay.com/nl-NL,450,https://almapay.com/es-ES,437,https://almapay.com/fr-FR,378,https://almapay.com/it-IT,376,https://almapay.com/fr-FR/legal/politique-de-confidentialite,295,https://almapay.com/fr-FR/legal/mentions-legales,295,https://almapay.com/global,295,https://almapay.com/fr-FR/clients,291,https://almapay.com/fr-FR/tarifs,291,https://almapay.com/fr-FR/demo,290,https://almapay.com/fr-FR/produits/le-paiement-en-2-3-ou-4-fois,290,https://almapay.com/fr-FR/nous-contacter,290,https://almapay.com/fr-FR/blog,290,https://almapay.com/fr-FR/solutions/en-boutique,289,698,0,0,0,0,0,0,0,0,0,64,15,22,27
2026-05-10,https://almapay.com/,2026-05-10,00:00:06,2026-05-11,00:06:04,00:05:54,2026-05-11,00:06:07,2369,2356,0,13,2369,700,1669,635,65,602,0,0,0,0,0,0,0,0,0,0,0,0,0,0,0,0,0,0,602,42,104,48,0,0,0,602,130,107,46,411,60,700,640,28,1,29,0,0,0,2,0,0,0,1669,312,0,1,1272,0,0,0,0,12,59,13,0,0,0,0,0,0,0,0,0,0,0,0,0,0,0,0,0,0,602,602,598,4,0,0,2,0,0,0,0,0,0,602,0,0,0,0,0,0,141,81,44,0,0,602,602,662,662,0,25,0,0,0,0,0,0,0,0,0,0,0,0,0,0,0,640,0,0,0,0,0,640,0,0,0,0,0,0,0,0,0,0,0,602,589,18,0,32,0,0,25,0,0,32,0,383,13,0,1301,461,21,44,11,0,0,1049,654,602,0,244,29,10,30,9,0,0,602,575,0,0,602,0,0,0,0,0,0,0,0,0,0,0,0,0,0,0,0,0,0,0,0,602,0,0,0,0,0,0,0,0,0,0,2369,13,0,10,2142,96,0,0,0,107,0,700,0,0,0,662,23,0,0,0,0,0,15,0,1669,13,0,10,1480,73,0,0,0,92,0,700,0,700,0,0,0,23,0,0,662,662,0,645,662,642,590,10,81,24,0,0,0,602,602,0,340,0,79,340,315,0,602,0,360,602,0,127,30,96,40,40,64,0,0,700,0,2,590,5,2,0,0,2,0,0,2,602,0,3,598,4,137,0,1,0,305,0,0,700,0,0,0,0,0,0,0,0,0,0,602,0,0,0,0,0,0,662,602,0,0,0,0,0,0,0,0,0,1,24,140,111,218,6,0,0,0,0,https://almapay.com/,598,https://almapay.com/pt-PT,492,https://almapay.com/nl-BE,484,https://almapay.com/fr-LU,480,https://almapay.com/fr-BE,476,https://almapay.com/de-DE,455,https://almapay.com/nl-NL,452,https://almapay.com/es-ES,439,https://almapay.com/fr-FR,380,https://almapay.com/it-IT,378,https://almapay.com/global,297,https://almapay.com/fr-FR/legal/politique-de-confidentialite,295,https://almapay.com/fr-FR/legal/mentions-legales,295,https://almapay.com/fr-FR/clients,291,https://almapay.com/fr-FR/tarifs,291,https://almapay.com/fr-FR/demo,290,https://almapay.com/fr-FR/produits/le-paiement-en-2-3-ou-4-fois,290,https://almapay.com/fr-FR/nous-contacter,290,https://almapay.com/fr-FR/blog,290,https://almapay.com/fr-FR/solutions/en-boutique,289,700,0,0,0,0,0,0,0,0,0,63,15,21,27
2026-05-11,https://almapay.com/,2026-05-11,17:28:13,2026-05-11,17:32:59,00:04:42,2026-05-11,17:33:03,2369,2354,0,15,2369,700,1669,635,65,602,0,0,0,0,0,0,0,0,0,0,0,0,0,0,0,0,0,0,602,42,104,48,0,0,0,602,130,107,46,411,60,700,640,28,1,29,0,0,0,2,0,0,0,1669,311,0,1,1272,0,0,0,0,12,58,15,0,0,0,0,0,0,0,0,0,0,0,0,0,0,0,0,0,0,602,602,598,4,0,0,2,0,0,0,0,0,0,602,0,0,0,0,0,0,141,81,44,0,0,602,602,662,662,0,25,0,0,0,0,0,0,0,0,0,0,0,0,0,0,0,640,0,0,0,0,0,640,0,0,0,0,0,0,0,0,0,0,0,602,589,18,0,32,0,0,25,0,0,32,0,383,13,0,1301,461,21,44,11,0,0,1049,654,602,0,244,29,10,30,9,0,0,602,575,0,0,602,0,0,0,0,0,0,0,0,0,0,0,0,0,0,0,0,0,0,0,0,602,0,0,0,0,0,0,0,0,0,0,2369,15,0,10,2142,94,0,0,0,106,2,700,0,0,0,662,23,0,0,0,0,0,15,0,1669,15,0,10,1480,71,0,0,0,91,2,700,0,700,0,0,0,23,0,0,662,662,0,645,662,642,590,10,81,24,0,0,0,602,602,0,340,0,79,340,315,0,602,0,360,602,0,127,30,96,40,40,64,0,0,700,0,2,590,5,2,0,0,2,0,0,2,602,0,3,598,4,137,0,1,0,305,0,0,700,0,0,0,0,0,0,0,0,0,0,602,0,0,0,0,0,0,662,602,0,0,0,0,0,0,0,0,0,1,24,140,111,218,6,0,0,0,0,https://almapay.com/,598,https://almapay.com/pt-PT,492,https://almapay.com/nl-BE,484,https://almapay.com/fr-LU,480,https://almapay.com/fr-BE,476,https://almapay.com/de-DE,455,https://almapay.com/nl-NL,452,https://almapay.com/es-ES,439,https://almapay.com/fr-FR,380,https://almapay.com/it-IT,378,https://almapay.com/global,297,https://almapay.com/fr-FR/legal/politique-de-confidentialite,295,https://almapay.com/fr-FR/legal/mentions-legales,295,https://almapay.com/fr-FR/clients,291,https://almapay.com/fr-FR/tarifs,291,https://almapay.com/fr-FR/demo,290,https://almapay.com/fr-FR/produits/le-paiement-en-2-3-ou-4-fois,290,https://almapay.com/fr-FR/nous-contacter,290,https://almapay.com/fr-FR/blog,290,https://almapay.com/fr-FR/solutions/en-boutique,289,698,1,1,0,0,0,0,0,0,0,64,15,22,27
2026-05-12,https://almapay.com/,2026-05-12,13:11:34,2026-05-12,13:45:07,00:33:29,2026-05-12,13:45:10,2369,2356,0,13,2369,700,1669,635,65,602,0,0,0,0,0,0,0,0,0,0,0,0,0,0,0,0,0,0,602,42,104,48,0,0,0,602,130,107,46,411,60,700,640,28,1,29,0,0,0,2,0,0,0,1669,308,0,1,1272,0,0,0,0,12,63,13,0,0,0,0,0,0,0,0,0,0,0,0,0,0,0,0,0,0,602,602,598,4,0,0,2,0,0,0,0,0,0,602,0,0,0,0,0,0,141,81,44,0,0,602,602,662,662,0,25,0,0,0,0,0,0,0,0,0,0,0,0,0,0,0,640,0,0,0,0,0,640,408,35,0,69,35,35,291,9,0,0,291,602,589,18,0,32,0,0,25,0,0,32,0,383,13,0,1301,461,21,44,11,0,0,1049,654,602,0,244,29,10,30,9,0,0,602,575,0,0,602,0,0,502,320,578,541,0,597,0,494,571,126,602,602,602,59,298,13,708,0,602,0,0,0,0,0,0,0,0,0,0,2369,13,0,14,2140,96,0,0,0,103,0,700,0,0,0,662,23,0,0,0,0,0,15,0,1669,13,0,14,1478,73,0,0,0,88,0,700,0,700,0,0,0,23,0,0,662,662,0,645,662,642,590,10,81,24,0,0,0,602,602,0,340,0,79,340,315,0,602,0,360,602,0,127,30,96,40,40,64,0,0,700,0,2,590,5,2,0,0,2,0,0,2,602,0,3,598,4,137,0,1,0,305,0,0,700,0,0,0,0,0,0,0,0,0,0,602,0,0,0,0,0,0,662,602,0,0,0,0,0,0,0,0,0,1,24,140,111,218,6,0,0,0,0,https://almapay.com/,598,https://almapay.com/pt-PT,492,https://almapay.com/nl-BE,484,https://almapay.com/fr-LU,480,https://almapay.com/fr-BE,476,https://almapay.com/de-DE,455,https://almapay.com/nl-NL,452,https://almapay.com/es-ES,439,https://almapay.com/fr-FR,380,https://almapay.com/it-IT,378,https://almapay.com/global,297,https://almapay.com/fr-FR/legal/politique-de-confidentialite,295,https://almapay.com/fr-FR/legal/mentions-legales,295,https://almapay.com/fr-FR/clients,291,https://almapay.com/fr-FR/tarifs,291,https://almapay.com/fr-FR/demo,290,https://almapay.com/fr-FR/produits/le-paiement-en-2-3-ou-4-fois,290,https://almapay.com/fr-FR/nous-contacter,290,https://almapay.com/fr-FR/blog,290,https://almapay.com/fr-FR/solutions/en-boutique,289,700,0,0,0,0,0,0,0,0,0,85,18,25,42
2026-05-18,https://almapay.com/,2026-05-18,00:04:30,2026-05-18,00:32:53,00:28:19,2026-05-18,00:32:56,2370,2357,0,13,2370,700,1670,635,65,602,0,0,0,0,0,0,0,0,0,0,0,0,0,0,0,0,0,0,602,42,104,48,0,0,0,602,130,107,46,411,60,700,640,28,1,29,0,0,0,2,0,0,0,1670,344,0,1,1272,0,0,0,0,12,28,13,0,0,0,0,0,0,0,0,0,0,0,0,0,0,0,0,0,0,602,602,598,4,0,0,2,0,0,0,0,0,0,602,0,0,0,0,0,0,141,81,44,0,0,602,602,662,662,0,25,0,0,0,0,0,0,0,0,0,0,0,0,0,0,0,640,0,0,0,0,0,640,407,38,0,68,34,34,292,7,0,0,292,602,589,18,0,32,0,0,25,0,0,32,0,383,13,0,1301,461,21,44,11,0,0,1049,654,602,0,244,29,10,30,9,0,0,602,575,0,0,602,0,0,489,390,539,477,0,595,0,459,571,126,602,602,602,59,267,13,684,0,602,0,0,0,0,0,0,0,0,0,0,2370,13,0,11,2148,96,0,0,0,99,0,700,0,0,0,662,23,0,0,0,0,0,15,0,1670,13,0,11,1486,73,0,0,0,84,0,700,0,700,0,0,0,23,0,0,662,662,0,645,662,642,590,10,81,24,0,0,0,602,602,0,340,0,79,340,315,0,602,0,360,602,0,127,30,96,40,40,64,0,0,700,0,2,590,5,2,0,0,2,0,0,2,602,0,3,598,4,193,0,1,0,305,0,0,700,0,0,0,0,0,0,0,0,0,0,602,0,0,0,0,0,0,662,602,0,0,0,0,0,0,0,0,0,1,24,140,111,218,6,0,0,0,0,https://almapay.com/,598,https://almapay.com/pt-PT,492,https://almapay.com/nl-BE,484,https://almapay.com/fr-LU,480,https://almapay.com/fr-BE,476,https://almapay.com/de-DE,455,https://almapay.com/nl-NL,452,https://almapay.com/es-ES,439,https://almapay.com/fr-FR,380,https://almapay.com/it-IT,378,https://almapay.com/global,297,https://almapay.com/fr-FR/legal/politique-de-confidentialite,295,https://almapay.com/fr-FR/legal/mentions-legales,295,https://almapay.com/fr-FR/clients,291,https://almapay.com/fr-FR/tarifs,291,https://almapay.com/fr-FR/demo,290,https://almapay.com/fr-FR/produits/le-paiement-en-2-3-ou-4-fois,290,https://almapay.com/fr-FR/nous-contacter,290,https://almapay.com/fr-FR/blog,290,https://almapay.com/fr-FR/solutions/en-boutique,289,700,0,0,0,0,0,0,0,0,0,85,18,25,42
2026-05-22,https://almapay.com/,2026-05-22,13:53:43,2026-05-22,13:57:53,00:04:07,2026-05-22,13:57:54,2383,2369,1,13,2383,705,1678,640,65,606,0,0,0,0,0,0,0,0,0,0,0,0,0,0,0,0,0,0,606,42,108,,0,0,0,606,130,111,,416,60,705,644,28,1,29,0,0,0,2,0,0,1,1678,345,0,1,1280,0,0,0,0,12,27,13,0,0,0,0,0,0,0,0,0,0,0,0,0,0,0,0,0,0,606,606,603,3,0,0,2,0,0,0,0,0,0,606,0,0,100,0,0,0,141,81,44,0,0,606,606,666,666,0,25,0,0,0,0,0,0,0,0,0,0,0,0,0,0,0,645,0,0,0,0,0,645,0,0,0,0,0,0,0,0,0,0,0,606,593,18,0,32,0,0,25,0,0,32,0,388,13,0,1309,,21,44,,0,0,1057,659,606,0,244,,,,,0,0,606,580,0,0,606,0,0,0,0,0,0,0,0,0,0,0,0,0,0,0,0,0,0,0,0,606,0,0,0,0,0,0,0,0,0,0,2383,14,0,10,2159,96,0,0,0,101,0,705,1,0,0,666,23,0,0,0,0,0,15,0,1678,13,0,10,1493,73,0,0,0,86,0,705,0,705,0,0,0,24,0,0,666,666,0,649,666,647,595,10,81,24,0,0,0,606,606,0,345,0,81,345,316,0,606,0,365,606,0,131,,,,,67,0,0,705,0,2,594,4,,0,0,2,0,0,2,606,0,3,602,4,193,0,1,0,310,0,0,705,0,0,0,0,0,0,,,0,0,606,0,0,0,0,0,0,666,606,0,0,0,0,0,0,0,0,0,24,140,111,223,6,0,0,0,0,0,https://almapay.com/,602,https://almapay.com/pt-PT,496,https://almapay.com/nl-BE,484,https://almapay.com/fr-LU,484,https://almapay.com/fr-BE,476,https://almapay.com/de-DE,459,https://almapay.com/nl-NL,456,https://almapay.com/es-ES,441,https://almapay.com/fr-FR,382,https://almapay.com/it-IT,380,https://almapay.com/fr-FR/legal/politique-de-confidentialite,298,https://almapay.com/fr-FR/legal/mentions-legales,298,https://almapay.com/global,298,https://almapay.com/fr-FR/tarifs,295,https://almapay.com/fr-FR/clients,294,https://almapay.com/fr-FR/demo,293,https://almapay.com/fr-FR/produits/le-paiement-en-2-3-ou-4-fois,293,https://almapay.com/fr-FR/nous-contacter,293,https://almapay.com/fr-FR/blog,293,https://almapay.com/fr-FR/solutions/en-boutique,292,703,1,,,,,,,,,65,15,23,27
2026-05-22,https://almapay.com/,2026-05-22,14:53:27,2026-05-22,14:57:54,00:04:22,2026-05-22,14:57:54,2383,2369,1,13,2383,705,1678,640,65,606,0,0,0,0,0,0,0,0,0,0,0,0,0,0,0,0,0,0,606,42,108,,0,0,0,606,130,111,,416,60,705,644,28,1,29,0,0,0,2,0,0,1,1678,343,0,1,1280,0,0,0,0,12,29,13,0,0,0,0,0,0,0,0,0,0,0,0,0,0,0,0,0,0,606,606,603,3,0,0,2,0,0,0,0,0,0,606,0,0,100,0,0,0,141,81,44,0,0,606,606,666,666,0,25,0,0,0,0,0,0,0,0,0,0,0,0,0,0,0,645,0,0,0,0,0,645,0,0,0,0,0,0,0,0,0,0,0,606,593,18,0,32,0,0,25,0,0,32,0,388,13,0,1309,,21,44,,0,0,1057,659,606,0,244,,,,,0,0,606,580,0,0,606,0,0,0,0,0,0,0,0,0,0,0,0,0,0,0,0,0,0,0,0,606,0,0,0,0,0,0,0,0,0,0,2383,14,0,11,2158,96,0,0,0,103,0,705,1,0,0,666,23,0,0,0,0,0,15,0,1678,13,0,11,1492,73,0,0,0,88,0,705,0,705,0,0,0,24,0,0,666,666,0,649,666,647,595,10,81,24,0,0,0,606,606,0,345,0,81,345,316,0,606,0,365,606,0,131,,,,,67,0,0,705,0,2,594,4,,0,0,2,0,0,2,606,0,3,602,4,193,0,1,0,310,0,0,705,0,0,0,0,0,0,,,0,0,606,0,0,0,0,0,0,666,606,0,0,0,0,0,0,0,0,0,24,140,111,223,6,0,0,0,0,0,https://almapay.com/,602,https://almapay.com/pt-PT,496,https://almapay.com/nl-BE,484,https://almapay.com/fr-LU,484,https://almapay.com/fr-BE,476,https://almapay.com/de-DE,459,https://almapay.com/nl-NL,456,https://almapay.com/es-ES,441,https://almapay.com/fr-FR,382,https://almapay.com/it-IT,380,https://almapay.com/fr-FR/legal/politique-de-confidentialite,298,https://almapay.com/fr-FR/legal/mentions-legales,298,https://almapay.com/global,298,https://almapay.com/fr-FR/tarifs,295,https://almapay.com/fr-FR/clients,294,https://almapay.com/fr-FR/demo,293,https://almapay.com/fr-FR/produits/le-paiement-en-2-3-ou-4-fois,293,https://almapay.com/fr-FR/nous-contacter,293,https://almapay.com/fr-FR/blog,293,https://almapay.com/fr-FR/solutions/en-boutique,292,702,2,,,,,,,,,65,15,23,27
2026-05-22,https://almapay.com/,2026-05-22,15:02:30,2026-05-22,15:05:51,00:03:18,2026-05-22,15:05:52,2383,2369,1,13,2383,705,1678,640,65,606,0,0,0,0,0,0,0,0,0,0,0,0,0,0,0,0,0,0,606,42,108,,0,0,0,606,130,111,,416,60,705,644,28,1,29,0,0,0,2,0,0,1,1678,343,0,1,1280,0,0,0,0,12,29,13,0,0,0,0,0,0,0,0,0,0,0,0,0,0,0,0,0,0,606,606,603,3,0,0,2,0,0,0,0,0,0,606,0,0,100,0,0,0,141,81,44,0,0,606,606,666,666,0,25,0,0,0,0,0,0,0,0,0,0,0,0,0,0,0,645,0,0,0,0,0,645,0,0,0,0,0,0,0,0,0,0,0,606,593,18,0,32,0,0,25,0,0,32,0,388,13,0,1309,,21,44,,0,0,1057,659,606,0,244,,,,,0,0,606,580,0,0,606,0,0,0,0,0,0,0,0,0,0,0,0,0,0,0,0,0,0,0,0,606,0,0,0,0,0,0,0,0,0,0,2383,14,0,11,2159,96,0,0,0,101,0,705,1,0,0,666,23,0,0,0,0,0,15,0,1678,13,0,11,1493,73,0,0,0,86,0,705,0,705,0,0,0,24,0,0,666,666,0,649,666,647,595,10,81,24,0,0,0,606,606,0,345,0,81,345,316,0,606,0,365,606,0,131,,,,,67,0,0,705,0,2,594,4,,0,0,2,0,0,2,606,0,3,602,4,193,0,1,0,310,0,0,705,0,0,0,0,0,0,,,0,0,606,0,0,0,0,0,0,666,606,0,0,0,0,0,0,0,0,0,24,140,111,223,6,0,0,0,0,0,https://almapay.com/,602,https://almapay.com/pt-PT,496,https://almapay.com/nl-BE,484,https://almapay.com/fr-LU,484,https://almapay.com/fr-BE,476,https://almapay.com/de-DE,459,https://almapay.com/nl-NL,456,https://almapay.com/es-ES,441,https://almapay.com/fr-FR,382,https://almapay.com/it-IT,380,https://almapay.com/fr-FR/legal/politique-de-confidentialite,298,https://almapay.com/fr-FR/legal/mentions-legales,298,https://almapay.com/global,298,https://almapay.com/fr-FR/tarifs,295,https://almapay.com/fr-FR/clients,294,https://almapay.com/fr-FR/demo,293,https://almapay.com/fr-FR/produits/le-paiement-en-2-3-ou-4-fois,293,https://almapay.com/fr-FR/nous-contacter,293,https://almapay.com/fr-FR/blog,293,https://almapay.com/fr-FR/solutions/en-boutique,292,704,,,,,,,,,,65,15,23,27
2026-05-22,https://almapay.com/,2026-05-22,15:31:14,2026-05-22,15:34:25,00:03:07,2026-05-22,15:34:25,2383,2369,1,13,2383,705,1678,640,65,606,0,0,0,0,0,0,0,0,0,0,0,0,0,0,0,0,0,0,606,42,108,,0,0,0,606,130,111,,416,60,705,644,28,1,29,0,0,0,2,0,0,1,1678,345,0,1,1280,0,0,0,0,12,27,13,0,0,0,0,0,0,0,0,0,0,0,0,0,0,0,0,0,0,606,606,603,3,0,0,2,0,0,0,0,0,0,606,0,0,100,0,0,0,141,81,44,0,0,606,606,666,666,0,25,0,0,0,0,0,0,0,0,0,0,0,0,0,0,0,645,0,0,0,0,0,645,0,580,0,0,0,0,0,0,0,0,0,606,593,18,0,32,0,0,25,0,0,32,0,388,13,0,1309,,21,44,,0,0,1057,659,606,0,244,,,,,0,0,606,580,0,0,606,0,0,0,0,0,0,0,0,0,0,0,0,0,0,0,0,0,0,0,0,606,0,0,0,0,0,0,0,0,0,0,2383,14,0,10,2159,96,0,0,0,102,0,705,1,0,0,666,23,0,0,0,0,0,15,0,1678,13,0,10,1493,73,0,0,0,87,0,705,0,705,0,0,0,24,0,0,666,666,0,649,666,647,595,10,81,24,0,0,0,606,606,0,345,0,81,345,316,0,606,0,365,606,0,131,,,,,67,0,0,705,0,2,594,4,,0,0,2,0,0,2,606,0,3,602,4,193,0,1,0,310,0,0,705,0,0,0,0,0,0,,,0,0,606,0,0,0,0,0,0,666,606,0,0,0,0,0,0,0,0,0,24,140,111,223,6,0,0,0,0,0,https://almapay.com/,602,https://almapay.com/pt-PT,496,https://almapay.com/nl-BE,484,https://almapay.com/fr-LU,484,https://almapay.com/fr-BE,476,https://almapay.com/de-DE,459,https://almapay.com/nl-NL,456,https://almapay.com/es-ES,441,https://almapay.com/fr-FR,382,https://almapay.com/it-IT,380,https://almapay.com/fr-FR/legal/politique-de-confidentialite,298,https://almapay.com/fr-FR/legal/mentions-legales,298,https://almapay.com/global,298,https://almapay.com/fr-FR/tarifs,295,https://almapay.com/fr-FR/clients,294,https://almapay.com/fr-FR/demo,293,https://almapay.com/fr-FR/produits/le-paiement-en-2-3-ou-4-fois,293,https://almapay.com/fr-FR/nous-contacter,293,https://almapay.com/fr-FR/blog,293,https://almapay.com/fr-FR/solutions/en-boutique,292,704,,,,,,,,,,66,15,24,27
2026-05-24,https://almapay.com/,2026-05-24,05:03:31,2026-05-24,05:07:38,00:04:05,2026-05-24,05:07:39,2383,2369,1,13,2383,705,1678,640,65,606,0,0,0,0,0,0,0,0,0,0,0,0,0,0,0,0,0,0,606,42,108,,0,0,0,606,130,111,,416,60,705,644,28,1,29,0,0,0,2,0,0,1,1678,344,0,1,1280,0,0,0,0,12,28,13,0,0,0,0,0,0,0,0,0,0,0,0,0,0,0,0,0,0,606,606,603,3,0,0,2,0,0,0,0,0,0,606,0,0,100,0,0,0,141,81,44,0,0,606,606,666,666,0,25,0,0,0,0,0,0,0,0,0,0,0,0,0,0,0,645,0,0,0,0,0,645,0,580,0,0,0,0,0,0,0,0,0,606,593,18,0,32,0,0,25,0,0,32,0,388,13,0,1309,,21,44,,0,0,1057,659,606,0,244,,,,,0,0,606,580,0,0,606,0,0,0,0,0,0,0,0,0,0,0,0,0,0,0,0,0,0,0,0,606,0,0,0,0,0,0,0,0,0,0,2383,14,0,11,2158,96,0,0,0,101,0,705,1,0,0,666,23,0,0,0,0,0,15,0,1678,13,0,11,1492,73,0,0,0,86,0,705,0,705,0,0,0,24,0,0,666,666,0,649,666,647,595,10,81,24,0,0,0,606,606,0,345,0,81,345,316,0,606,0,365,606,0,131,,,,,67,0,0,705,0,2,594,4,,0,0,2,0,0,2,606,0,3,602,4,193,0,1,0,310,0,0,705,0,0,0,0,0,0,,,0,0,606,0,0,0,0,0,0,666,606,0,0,0,0,0,0,0,0,0,24,140,111,223,6,0,0,0,0,0,https://almapay.com/,602,https://almapay.com/pt-PT,496,https://almapay.com/nl-BE,484,https://almapay.com/fr-LU,484,https://almapay.com/fr-BE,476,https://almapay.com/de-DE,459,https://almapay.com/nl-NL,456,https://almapay.com/es-ES,441,https://almapay.com/fr-FR,382,https://almapay.com/it-IT,380,https://almapay.com/fr-FR/legal/politique-de-confidentialite,298,https://almapay.com/fr-FR/legal/mentions-legales,298,https://almapay.com/global,298,https://almapay.com/fr-FR/tarifs,295,https://almapay.com/fr-FR/clients,294,https://almapay.com/fr-FR/demo,293,https://almapay.com/fr-FR/produits/le-paiement-en-2-3-ou-4-fois,293,https://almapay.com/fr-FR/nous-contacter,293,https://almapay.com/fr-FR/blog,293,https://almapay.com/fr-FR/solutions/en-boutique,292,703,1,,,,,,,,,66,15,24,27
